Entity;Code;Year;4.a.1 - Proportion of schools with access to the internet for pedagogical purposes, by education level (%) - SE_ACS_INTNT - Primary;4.a.1 - Proportion of schools with access to the internet for pedagogical purposes, by education level (%) - SE_ACS_INTNT - Lower secondary;4.a.1 - Proportion of schools with access to the internet for pedagogical purposes, by education level (%) - SE_ACS_INTNT - Upper secondary
Algeria;DZA;2020;5,33;59,9;73,37
Andorra;AND;2016;100;100;100
Andorra;AND;2017;100;100;100
Andorra;AND;2018;100;100;100
Andorra;AND;2019;100;100;100
Andorra;AND;2020;100;100;100
Angola;AGO;2016;2,7;13,23;25,65
Anguilla;AIA;2010;75;100;100
Anguilla;AIA;2019;100;100;100
Antigua and Barbuda;ATG;2018;90;100;100
Antigua and Barbuda;ATG;2017;;90,91;90,91
Argentina;ARG;2009;16,97;29,84;47,41
Argentina;ARG;2015;37,02;54;58,34
Argentina;ARG;2016;38,34;53,49;57,82
Argentina;ARG;2017;39,98;53,12;56,82
Argentina;ARG;2018;42,55;53,74;56,81
Argentina;ARG;2019;51,15;61,45;64,24
Armenia;ARM;2018;100;100;100
Armenia;ARM;2019;100;100;100
Armenia;ARM;2020;100;100;100
Australia;AUS;2000;100;100;100
Australia;AUS;2001;100;100;100
Australia;AUS;2002;100;100;100
Australia;AUS;2003;100;100;100
Australia;AUS;2004;100;100;100
Australia;AUS;2005;100;100;100
Australia;AUS;2006;100;100;100
Australia;AUS;2007;100;100;100
Australia;AUS;2008;100;100;100
Australia;AUS;2009;100;100;100
Australia;AUS;2010;100;100;100
Australia;AUS;2011;100;100;100
Australia;AUS;2012;100;100;100
Australia;AUS;2013;100;100;100
Australia;AUS;2014;100;100;100
Australia;AUS;2015;100;100;100
Australia;AUS;2016;100;100;100
Azerbaijan;AZE;2016;49,19;52,67;61,51
Azerbaijan;AZE;2017;52,54;56,57;65,6
Azerbaijan;AZE;2018;53,63;57,57;66,78
Azerbaijan;AZE;2019;54,49;58,52;67,75
Azerbaijan;AZE;2020;60,37;64,62;72,81
Bahrain;BHR;2016;100;100;100
Bahrain;BHR;2017;100;100;100
Bahrain;BHR;2018;100;100;100
Bahrain;BHR;2019;100;100;100
Bahrain;BHR;2020;100;100;100
Bangladesh;BGD;2020;49,3;38,34;41,51
Bangladesh;BGD;2017;;32,41;35,15
Bangladesh;BGD;2018;;34,21;36,25
Bangladesh;BGD;2019;;37,64;37,64
Belarus;BLR;2016;80,93;85,49;86,58
Belarus;BLR;2017;84,77;88,84;89,84
Belarus;BLR;2018;87,01;90,75;92,02
Belarus;BLR;2019;99,49;99,48;99,37
Belarus;BLR;2020;99,59;99,61;99,52
Belgium;BEL;2012;100;100;100
Belgium;BEL;2013;100;100;100
Belgium;BEL;2014;100;100;100
Belgium;BEL;2015;100;100;100
Belgium;BEL;2016;100;100;100
Belgium;BEL;2017;100;100;100
Belgium;BEL;2018;100;100;100
Benin;BEN;2020;;3,93;
Bermuda;BMU;2016;100;100;100
Bhutan;BTN;2015;45,48;;96,55
Bhutan;BTN;2018;51,62;;95,16
Bhutan;BTN;2020;61,42;99,25;97,56
Bolivia;BOL;2013;7,52;16,53;22,13
Botswana;BWA;2012;;99,52;46,38
Brazil;BRA;2010;31,51;61,55;86,51
Brazil;BRA;2017;62,04;79,49;91,33
British Virgin Islands;VGB;2010;100;100;100
British Virgin Islands;VGB;2016;62,96;100;100
British Virgin Islands;VGB;2017;100;100;100
British Virgin Islands;VGB;2018;100;100;100
British Virgin Islands;VGB;2019;100;85,71;87,5
British Virgin Islands;VGB;2020;100;85,71;87,5
Burkina Faso;BFA;2016;0;2,58;2,58
Burkina Faso;BFA;2018;0,14;1,81;1,07
Burkina Faso;BFA;2019;0,23;1,52;1,11
Burkina Faso;BFA;2020;4,74;1,51;1,09
Burundi;BDI;2016;0;0;6,85
Burundi;BDI;2017;0;0;6,85
Burundi;BDI;2018;0;;6,85
Burundi;BDI;2019;0;0;
Cameroon;CMR;2016;;19,26;29,03
Cameroon;CMR;2020;;;25,31
Cape Verde;CPV;2017;9,47;100;100
Cape Verde;CPV;2018;15,85;;
Cape Verde;CPV;2019;29,14;100;100
Cape Verde;CPV;2016;;100;100
Cayman Islands;CYM;2010;76,92;;
Cayman Islands;CYM;2018;100;100;100
Cayman Islands;CYM;2020;100;100;100
Central and Southern Asia (UN);;2018;17,69;27,29;48,41
Central and Southern Asia (UN);;2019;18,21;27,58;52,65
Central and Southern Asia (UN);;2020;19,97;30,52;57,68
Central and Southern Asia (UN);;2015;;;44,62
Central and Southern Asia (UN);;2016;;;44,3
Central and Southern Asia (UN);;2017;;;48,45
China;CHN;2016;85,6;97,33;95,97
China;CHN;2017;92,52;98,39;97,03
China;CHN;2018;96,25;98,64;96,97
China;CHN;2019;97,82;98,96;97,16
China;CHN;2020;98,43;99,07;97,06
Colombia;COL;2016;44,08;76,1;82,54
Colombia;COL;2017;39,38;67,51;72,86
Colombia;COL;2020;35,21;68,95;77,6
Comoros;COM;2017;8,03;9,85;12,75
Cook Islands;COK;2016;100;100;100
Cook Islands;COK;2017;100;100;100
Cook Islands;COK;2018;100;100;100
Cook Islands;COK;2019;100;100;100
Cook Islands;COK;2020;100;100;100
Costa Rica;CRI;2017;60,12;63,95;63,71
Costa Rica;CRI;2018;59,24;60,92;60,56
Costa Rica;CRI;2019;83,94;70,51;69,53
Costa Rica;CRI;2020;86,29;83,57;82,8
Costa Rica;CRI;2016;;50,91;50,7
Cote d'Ivoire;CIV;2019;;;87,06
Cote d'Ivoire;CIV;2020;;;54,35
Cuba;CUB;2018;12,59;46,38;51,28
Cuba;CUB;2019;15,83;60,09;52,85
Cuba;CUB;2020;23,76;100;100
Democratic Republic of Congo;COD;2015;0;0;0
Denmark;DNK;2001;100;100;
Denmark;DNK;2002;100;100;
Denmark;DNK;2003;100;100;
Denmark;DNK;2004;100;100;
Denmark;DNK;2005;100;100;
Denmark;DNK;2006;100;100;
Denmark;DNK;2007;100;100;
Denmark;DNK;2008;100;100;
Denmark;DNK;2009;100;100;
Denmark;DNK;2010;100;100;
Denmark;DNK;2011;100;100;
Denmark;DNK;2012;100;100;
Denmark;DNK;2013;100;100;
Denmark;DNK;2014;100;100;
Denmark;DNK;2015;100;100;100
Denmark;DNK;2016;100;100;
Dominica;DMA;2016;100;93,33;93,33
Dominica;DMA;2019;100;100;100
Dominica;DMA;2020;100;100;100
Dominican Republic;DOM;2016;23,16;;
Eastern and South-Eastern Asia (UN);;2015;74,08;77,54;86,27
Eastern and South-Eastern Asia (UN);;2016;73,96;76,67;86,4
Eastern and South-Eastern Asia (UN);;2017;76,97;75,01;86,28
Eastern and South-Eastern Asia (UN);;2018;78,46;74,55;86,21
Eastern and South-Eastern Asia (UN);;2019;78,4;74,04;86,51
Eastern and South-Eastern Asia (UN);;2020;78,54;73,98;86,49
Ecuador;ECU;2009;15,26;41,23;52,39
Ecuador;ECU;2016;37,2;65,14;76,41
Ecuador;ECU;2017;38,16;65,9;75,58
Ecuador;ECU;2018;39,28;67,35;76,94
Ecuador;ECU;2019;40,06;68,01;77,17
Ecuador;ECU;2020;41,1;69,44;78,41
Egypt;EGY;2016;47,58;50,06;47,11
Egypt;EGY;2019;71,28;91,04;
El Salvador;SLV;2016;27,38;43,36;
El Salvador;SLV;2018;23,24;35,8;64,38
El Salvador;SLV;2017;;38,88;44,13
Estonia;EST;2000;100;100;100
Estonia;EST;2001;100;100;100
Estonia;EST;2002;100;100;100
Estonia;EST;2003;100;100;100
Estonia;EST;2004;100;100;100
Estonia;EST;2005;100;100;100
Estonia;EST;2006;100;100;100
Estonia;EST;2007;100;100;100
Estonia;EST;2008;100;100;100
Estonia;EST;2009;100;100;100
Estonia;EST;2010;100;100;100
Estonia;EST;2011;100;100;100
Estonia;EST;2012;100;100;100
Estonia;EST;2013;100;100;100
Estonia;EST;2014;100;100;100
Estonia;EST;2015;100;100;100
Estonia;EST;2016;100;100;100
Eswatini;SWZ;2016;15,59;69,31;69,31
Eswatini;SWZ;2019;63,11;58,75;58,75
Ethiopia;ETH;2020;;20,58;20,58
Europe (UN);;2004;88,12;;
Europe (UN);;2005;88,34;;
Europe (UN);;2006;88,51;;
Europe (UN);;2007;88,6;;
Europe (UN);;2008;88,72;;
Europe (UN);;2009;88,9;;
Europe (UN);;2010;89,11;;
Europe (UN);;2011;89,8;;
Europe (UN);;2012;90,52;;
Europe (UN);;2013;91,28;;
Europe (UN);;2014;92,1;;
Europe (UN);;2015;92,87;95,2;96,91
Europe (UN);;2016;93,77;95,5;96,92
Europe (UN);;2017;93,92;95,85;97,29
Europe (UN);;2018;94,23;;
Europe and Northern America (UN);;2004;88,54;;
Europe and Northern America (UN);;2005;88,75;;
Europe and Northern America (UN);;2006;88,92;;
Europe and Northern America (UN);;2007;89,01;;
Europe and Northern America (UN);;2008;89,13;;
Europe and Northern America (UN);;2009;89,3;;
Europe and Northern America (UN);;2010;89,51;;
Europe and Northern America (UN);;2011;90,16;;
Europe and Northern America (UN);;2012;90,86;;
Europe and Northern America (UN);;2013;91,58;;
Europe and Northern America (UN);;2014;92,36;;
Europe and Northern America (UN);;2015;93,09;95,33;96,97
Europe and Northern America (UN);;2016;93,95;95,62;96,98
Europe and Northern America (UN);;2017;94,09;95,95;97,34
Finland;FIN;2000;100;100;100
Finland;FIN;2001;100;100;100
Finland;FIN;2002;100;100;100
Finland;FIN;2003;100;100;100
Finland;FIN;2004;100;100;100
Finland;FIN;2005;100;100;100
Finland;FIN;2006;100;100;100
Finland;FIN;2007;100;100;100
Finland;FIN;2008;100;100;100
Finland;FIN;2009;100;100;100
Finland;FIN;2010;100;100;100
Finland;FIN;2011;100;100;100
Finland;FIN;2012;100;100;100
Finland;FIN;2013;100;100;100
Finland;FIN;2014;100;100;100
Finland;FIN;2015;100;100;100
Finland;FIN;2016;100;100;100
Finland;FIN;2017;100;100;100
Finland;FIN;2018;100;100;100
Finland;FIN;2019;100;100;100
France;FRA;2005;89;99;99
France;FRA;2015;97;99;98
France;FRA;2016;98;99;98
France;FRA;2017;98;99;98
France;FRA;2018;99;100;100
France;FRA;2019;99;100;100
France;FRA;2000;;90;97
Georgia;GEO;2016;100;100;100
Georgia;GEO;2017;99,74;100;100
Georgia;GEO;2018;100;100;100
Georgia;GEO;2019;100;100;100
Georgia;GEO;2020;100;100;100
Ghana;GHA;2018;8,41;18,67;39,43
Gibraltar;GIB;2016;100;100;100
Gibraltar;GIB;2017;100;100;100
Gibraltar;GIB;2019;100;100;100
Gibraltar;GIB;2020;100;100;100
Grenada;GRD;2017;100;100;100
Grenada;GRD;2018;72,15;100;100
Grenada;GRD;2020;100;100;100
Grenada;GRD;2016;;100;
Guatemala;GTM;2016;9,12;35,66;59,32
Guinea;GIN;2016;0;0;0
Honduras;HND;2016;16,14;;
Hong Kong;HKG;2016;99,21;94,12;94,1
Hong Kong;HKG;2017;98,89;95,34;95,33
Hong Kong;HKG;2018;99,22;95,19;95,17
Hong Kong;HKG;2019;99,38;95,88;95,33
Hong Kong;HKG;2020;99,54;96,53;95,45
Hungary;HUN;2002;75,07;75,07;88,86
Hungary;HUN;2003;82,37;82,37;89,08
Hungary;HUN;2004;88,82;88,82;92,12
Hungary;HUN;2005;97,39;97,39;94,06
Hungary;HUN;2006;100;100;95
Hungary;HUN;2007;100;100;95
Hungary;HUN;2008;100;100;95
Hungary;HUN;2009;100;100;95
Hungary;HUN;2010;100;100;95
Hungary;HUN;2011;100;100;95
Hungary;HUN;2012;100;100;95
Hungary;HUN;2013;100;100;95
Hungary;HUN;2014;100;100;95
Hungary;HUN;2015;100;100;95
Hungary;HUN;2016;100;100;95
India;IND;2019;6,36;20,51;52,37
India;IND;2020;7,9;24,22;58,52
India;IND;2016;;;40,19
India;IND;2017;;;46,78
India;IND;2018;;;46,47
Indonesia;IDN;2018;;46,48;85,17
Indonesia;IDN;2017;;;85
Iran;IRN;2012;10,55;25,83;45,27
Israel;ISR;2014;85;85;85
Israel;ISR;2015;85;85;85
Israel;ISR;2016;85;85;85
Italy;ITA;2016;70;85;92
Jamaica;JAM;2016;84,4;46,76;100
Jamaica;JAM;2017;84,31;46,76;100
Jamaica;JAM;2019;78,83;;91,15
Jordan;JOR;2011;70,82;80,53;86,08
Jordan;JOR;2017;31,78;100;100
Jordan;JOR;2018;32,31;100;100
Jordan;JOR;2019;33,51;100;100
Jordan;JOR;2020;33,56;100;100
Kiribati;KIR;2020;6,19;42,86;75
Kuwait;KWT;2019;100;100;100
Kuwait;KWT;2020;100;100;100
Kyrgyzstan;KGZ;2017;41,37;41,37;45,56
Kyrgyzstan;KGZ;2016;;;48,29
Kyrgyzstan;KGZ;2018;;;61,37
Kyrgyzstan;KGZ;2020;;;85,63
Latin America and the Caribbean (UN);;2009;31,84;52,9;66,65
Latin America and the Caribbean (UN);;2010;32,42;52,89;66,56
Latin America and the Caribbean (UN);;2011;34,08;54,52;66,68
Latin America and the Caribbean (UN);;2012;35,9;56,29;66,93
Latin America and the Caribbean (UN);;2013;37,54;57,83;66,92
Latin America and the Caribbean (UN);;2014;39,15;59,39;66,88
Latin America and the Caribbean (UN);;2015;40,75;61,01;66,97
Latin America and the Caribbean (UN);;2016;42,09;61,75;66,98
Latin America and the Caribbean (UN);;2017;42,71;61,87;66,15
Latin America and the Caribbean (UN);;2018;42,97;62,35;67,3
Latin America and the Caribbean (UN);;2019;;;69,06
Latin America and the Caribbean (UN);;2020;;;69,86
Latvia;LVA;2016;100;100;100
Least Developed Countries (LDCs);;2019;27,31;35,18;33,17
Least Developed Countries (LDCs);;2020;27,52;;34,75
Least Developed Countries (LDCs);;2016;;34,1;32,07
Least Developed Countries (LDCs);;2017;;;31,93
Least Developed Countries (LDCs);;2018;;;32,19
Lebanon;LBN;2018;89,88;93,1;95,37
Lebanon;LBN;2019;91,09;94,39;96,18
Lebanon;LBN;2020;91,32;94,44;95,94
Macao;MAC;2016;100;100;100
Macao;MAC;2017;100;100;100
Macao;MAC;2018;100;100;100
Macao;MAC;2019;100;100;100
Macao;MAC;2020;100;100;100
Madagascar;MDG;2018;0,41;4,44;9,23
Madagascar;MDG;2019;0,12;5,33;8,02
Malaysia;MYS;2011;90,21;97,59;95,25
Malaysia;MYS;2016;100;100;100
Malaysia;MYS;2017;100;100;100
Malaysia;MYS;2018;100;100;95,98
Malaysia;MYS;2019;100;100;96,09
Malaysia;MYS;2020;100;100;96,4
Maldives;MDV;2017;100;100;100
Maldives;MDV;2018;98,58;99,03;98,41
Maldives;MDV;2019;98,58;99,51;100
Marshall Islands;MHL;2016;25,53;;
Marshall Islands;MHL;2019;29,79;;76,47
Marshall Islands;MHL;2020;29,79;;72,22
Mauritius;MUS;2013;55,94;97,16;97,16
Mauritius;MUS;2014;49,38;97,16;97,16
Mauritius;MUS;2015;40,94;98,88;98,88
Mauritius;MUS;2016;38,05;94,86;94,86
Mauritius;MUS;2017;34,59;93,75;93,75
Mauritius;MUS;2018;27,04;91,06;91,06
Mauritius;MUS;2019;40,13;100;100
Mauritius;MUS;2021;66,67;100;100
Mexico;MEX;2007;26,9;30,71;
Mexico;MEX;2010;32,45;39,34;
Mexico;MEX;2015;38,24;54,55;
Mexico;MEX;2016;38,88;54,81;50,75
Moldova;MDA;2016;89,34;89,71;87,76
Moldova;MDA;2017;85,44;85,71;91
Moldova;MDA;2018;90,56;92,55;98,74
Moldova;MDA;2019;98,7;99,11;94,67
Moldova;MDA;2020;92,49;94,41;97,96
Monaco;MCO;2016;100;100;100
Monaco;MCO;2017;100;100;100
Monaco;MCO;2018;100;100;100
Monaco;MCO;2019;100;100;100
Monaco;MCO;2020;100;100;100
Monaco;MCO;2021;100;100;100
Mongolia;MNG;2016;70,66;77,55;89,07
Montserrat;MSR;2010;50;100;100
Montserrat;MSR;2016;100;100;100
Montserrat;MSR;2018;100;100;100
Montserrat;MSR;2019;100;100;100
Morocco;MAR;2017;78,67;88,09;90,7
Morocco;MAR;2018;78,96;88,41;91,01
Morocco;MAR;2019;82,8;86,76;89,31
Morocco;MAR;2020;82,85;86,81;89,19
Myanmar;MMR;2017;0,19;0,77;11,58
Myanmar;MMR;2018;0,23;1,4;13,05
Nepal;NPL;2020;9,13;15,99;63,47
Netherlands;NLD;2000;100;100;100
Netherlands;NLD;2001;100;100;100
Netherlands;NLD;2002;100;100;100
Netherlands;NLD;2003;100;100;100
Netherlands;NLD;2004;100;100;100
Netherlands;NLD;2005;100;100;100
Netherlands;NLD;2006;100;100;100
Netherlands;NLD;2007;100;100;100
Netherlands;NLD;2008;100;100;100
Netherlands;NLD;2009;100;100;100
Netherlands;NLD;2010;100;100;100
Netherlands;NLD;2011;100;100;100
Netherlands;NLD;2012;100;100;100
Netherlands;NLD;2013;100;100;100
Netherlands;NLD;2014;100;100;100
Netherlands;NLD;2015;100;100;100
Netherlands;NLD;2016;100;100;100
Netherlands;NLD;2017;100;100;100
Netherlands;NLD;2018;100;100;100
Netherlands;NLD;2019;100;100;100
Niger;NER;2016;0;0;0
Niger;NER;2018;0;;
Niger;NER;2019;1,21;4,68;12,98
Niue;NIU;2016;100;100;100
Niue;NIU;2019;100;100;100
Niue;NIU;2020;100;100;100
Northern Africa (UN);;2015;50,14;;71,96
Northern Africa (UN);;2016;50,24;72,52;70,98
Northern Africa (UN);;2017;53,35;78,36;71,99
Northern Africa (UN);;2018;55,97;83,89;
Northern Africa (UN);;2019;59,33;88,57;
Northern Africa (UN);;2020;59,26;87,85;
Norway;NOR;2000;100;100;
Norway;NOR;2001;100;100;
Norway;NOR;2002;100;100;
Norway;NOR;2003;100;100;
Norway;NOR;2004;100;100;
Norway;NOR;2005;100;100;
Norway;NOR;2006;100;100;
Norway;NOR;2007;100;100;
Norway;NOR;2008;100;100;100
Norway;NOR;2009;100;100;100
Norway;NOR;2010;100;100;100
Norway;NOR;2011;100;100;100
Norway;NOR;2012;100;100;100
Norway;NOR;2013;100;100;100
Norway;NOR;2014;100;100;100
Norway;NOR;2015;100;100;100
Norway;NOR;2016;100;100;100
Norway;NOR;2017;100;100;100
Norway;NOR;2018;100;100;100
Norway;NOR;2019;100;100;100
Norway;NOR;2020;100;100;
Oceania (UN);;2000;62,6;89,16;96,15
Oceania (UN);;2001;62,59;89,15;96,15
Oceania (UN);;2002;62,61;89,15;96,15
Oceania (UN);;2003;62,58;89,14;96,14
Oceania (UN);;2004;62,59;89,14;96,14
Oceania (UN);;2005;62,6;89,13;96,14
Oceania (UN);;2006;62,58;89,12;96,14
Oceania (UN);;2007;62,53;89,11;96,13
Oceania (UN);;2008;62,42;89,09;96,12
Oceania (UN);;2009;62,38;89,09;96,12
Oceania (UN);;2010;62,33;89,17;96,22
Oceania (UN);;2011;62,24;89,1;96,16
Oceania (UN);;2012;62,62;89,02;96,07
Oceania (UN);;2013;62,1;88,97;96,01
Oceania (UN);;2014;61,65;88,93;95,95
Oceania (UN);;2015;61,24;88,9;95,9
Oceania (UN);;2016;60,83;88,88;95,85
Oceania (UN);;2017;60,49;88,13;95,75
Oman;OMN;2011;70,91;86,95;87,02
Oman;OMN;2016;100;100;100
Oman;OMN;2017;100;100;100
Oman;OMN;2018;100;100;100
Oman;OMN;2019;100;100;100
Oman;OMN;2020;100;100;100
Palau;PLW;2020;84,21;84,21;100
Palestine;PSE;2016;36,57;60,09;72,08
Palestine;PSE;2017;56,58;69,7;76,57
Palestine;PSE;2018;84,99;92,63;96,67
Palestine;PSE;2019;90,78;95,8;98,27
Palestine;PSE;2020;;74,92;80,54
Panama;PAN;2020;46,2;50,77;53,11
Paraguay;PRY;2016;5,41;18,39;27,73
Peru;PER;2016;39,18;71,48;71,48
Peru;PER;2017;38,21;70,85;70,85
Peru;PER;2018;40,77;74,23;74,23
Peru;PER;2019;49,82;77,06;77,06
Peru;PER;2020;42,38;75,27;75,27
Philippines;PHL;2015;22,61;73,02;73,02
Philippines;PHL;2016;22,67;72,57;72,57
Philippines;PHL;2017;26,59;73,79;
Philippines;PHL;2018;31,42;72,37;
Philippines;PHL;2019;29,33;65,1;81,75
Philippines;PHL;2020;31,08;68,43;
Poland;POL;2000;100;100;100
Poland;POL;2001;100;100;100
Poland;POL;2002;100;100;100
Poland;POL;2003;100;100;100
Poland;POL;2004;100;100;100
Poland;POL;2005;100;100;100
Poland;POL;2006;100;100;100
Poland;POL;2007;100;100;100
Poland;POL;2008;100;100;100
Poland;POL;2009;100;100;100
Poland;POL;2010;100;100;100
Poland;POL;2011;100;100;100
Poland;POL;2012;100;100;100
Poland;POL;2013;100;100;100
Poland;POL;2014;100;100;100
Poland;POL;2015;100;100;100
Poland;POL;2016;100;100;100
Portugal;PRT;2000;100;100;100
Portugal;PRT;2001;100;100;100
Portugal;PRT;2002;100;100;100
Portugal;PRT;2003;100;100;100
Portugal;PRT;2004;100;100;100
Portugal;PRT;2005;100;100;100
Portugal;PRT;2006;100;100;100
Portugal;PRT;2007;100;100;100
Portugal;PRT;2008;100;100;100
Portugal;PRT;2009;100;100;100
Portugal;PRT;2010;100;100;100
Portugal;PRT;2011;100;100;100
Portugal;PRT;2012;100;100;100
Portugal;PRT;2013;100;100;100
Portugal;PRT;2014;100;100;100
Portugal;PRT;2015;100;100;100
Portugal;PRT;2016;100;100;100
Portugal;PRT;2017;100;100;100
Portugal;PRT;2018;100;100;100
Qatar;QAT;2011;61,76;53,08;67,54
Qatar;QAT;2016;100;100;100
Qatar;QAT;2017;100;100;100
Qatar;QAT;2018;100;100;100
Qatar;QAT;2019;100;100;100
Qatar;QAT;2020;100;100;100
Rwanda;RWA;2011;5,74;17,33;17,33
Rwanda;RWA;2012;5,86;17,15;17,15
Rwanda;RWA;2013;6,57;17,5;17,5
Rwanda;RWA;2014;8,15;23,3;23,3
Rwanda;RWA;2015;9,45;27,59;27,59
Rwanda;RWA;2016;9,78;33,24;33,24
Rwanda;RWA;2017;25,13;;
Rwanda;RWA;2018;30,01;51,52;57,13
Rwanda;RWA;2019;34,75;59,44;62,3
Saint Kitts and Nevis;KNA;2010;100;100;100
Saint Kitts and Nevis;KNA;2016;;100;100
Saint Lucia;LCA;2010;100;100;100
Saint Lucia;LCA;2016;98,75;100;
Saint Lucia;LCA;2017;98,75;100;100
Saint Lucia;LCA;2018;100;100;100
Saint Lucia;LCA;2019;98,75;100;100
Saint Lucia;LCA;2020;100;100;100
Saint Vincent and the Grenadines;VCT;2010;55,22;100;100
Saint Vincent and the Grenadines;VCT;2016;100;100;100
Saint Vincent and the Grenadines;VCT;2017;100;100;100
Saint Vincent and the Grenadines;VCT;2018;100;96,3;96,3
Samoa;WSM;2016;13,77;1,37;100
Samoa;WSM;2017;13,77;1,37;100
Samoa;WSM;2019;32,94;32,94;100
Samoa;WSM;2020;99,42;99,42;100
Samoa;WSM;2018;;;100
San Marino;SMR;2018;100;100;100
San Marino;SMR;2019;100;100;100
San Marino;SMR;2020;100;100;100
Saudi Arabia;SAU;2016;100;100;100
Saudi Arabia;SAU;2017;100;100;100
Saudi Arabia;SAU;2018;100;100;100
Saudi Arabia;SAU;2019;100;100;100
Saudi Arabia;SAU;2020;100;100;100
Senegal;SEN;2019;12,94;42,39;53,03
Senegal;SEN;2020;13,76;34,21;60,77
Seychelles;SYC;2016;96,43;100;100
Seychelles;SYC;2017;85,71;92,86;100
Seychelles;SYC;2018;100;100;100
Seychelles;SYC;2019;100;100;100
Seychelles;SYC;2020;100;100;100
Sierra Leone;SLE;2017;0,28;2,3;5,24
Sierra Leone;SLE;2018;0,56;3;7,75
Sierra Leone;SLE;2019;0,74;3,12;7,06
Sierra Leone;SLE;2020;0,74;;6,72
Singapore;SGP;2016;100;100;100
Singapore;SGP;2017;100;100;100
Singapore;SGP;2018;100;100;100
Singapore;SGP;2019;100;100;100
Slovakia;SVK;2014;99,7;99,9;99,7
Slovakia;SVK;2015;99,7;99,8;99,7
Slovakia;SVK;2016;99,7;99,8;100
Slovenia;SVN;2000;100;100;
Slovenia;SVN;2001;100;100;
Slovenia;SVN;2002;100;100;
Slovenia;SVN;2003;100;100;
Slovenia;SVN;2004;100;100;100
Slovenia;SVN;2005;100;100;100
Slovenia;SVN;2006;100;100;100
Slovenia;SVN;2007;100;100;100
Slovenia;SVN;2008;100;100;100
Slovenia;SVN;2009;100;100;100
Slovenia;SVN;2010;100;100;100
Slovenia;SVN;2011;100;100;100
Slovenia;SVN;2012;100;100;100
Slovenia;SVN;2013;100;100;100
Slovenia;SVN;2014;100;100;100
Slovenia;SVN;2015;100;100;100
Slovenia;SVN;2016;100;100;100
Small Island Developing States (SIDS);;2017;53,51;;
Solomon Islands;SLB;2018;0;10,31;15,03
Solomon Islands;SLB;2019;2,47;7,69;13,87
Solomon Islands;SLB;2016;;13,27;15,15
South Korea;KOR;2000;100;100;100
South Korea;KOR;2001;100;100;100
South Korea;KOR;2002;100;100;100
South Korea;KOR;2003;100;100;100
South Korea;KOR;2004;100;100;100
South Korea;KOR;2005;100;100;100
South Korea;KOR;2006;100;100;100
South Korea;KOR;2007;100;100;100
South Korea;KOR;2008;100;100;100
South Korea;KOR;2009;100;100;100
South Korea;KOR;2010;100;100;100
South Korea;KOR;2011;100;100;100
South Korea;KOR;2012;100;100;100
South Korea;KOR;2013;100;100;100
South Korea;KOR;2014;100;100;100
South Korea;KOR;2015;100;100;100
South Korea;KOR;2016;100;100;100
Spain;ESP;2003;96,7;98,5;
Spain;ESP;2004;97,9;99,5;
Spain;ESP;2005;98,8;99,2;
Spain;ESP;2006;98,7;98,3;
Spain;ESP;2007;99,3;99,3;99,3
Spain;ESP;2008;99,3;99,8;99,8
Spain;ESP;2009;99,6;99,7;99,7
Spain;ESP;2010;99,8;99,9;99,9
Spain;ESP;2011;99,9;99,5;99,5
Spain;ESP;2012;99,9;98,6;98,6
Spain;ESP;2013;99,9;99,6;99,6
Spain;ESP;2014;100;99,8;99,8
Spain;ESP;2015;99,9;99,9;99,9
Spain;ESP;2016;100;100;100
Spain;ESP;2017;100;100;100
Spain;ESP;2018;100;100;100
Spain;ESP;2019;100;100;100
Spain;ESP;2020;100;100;100
Spain;ESP;2000;;100;
Spain;ESP;2001;;100;
Spain;ESP;2002;;100;
Sri Lanka;LKA;2018;15,85;;
Sri Lanka;LKA;2019;18,57;38,02;45,46
Sub-Saharan Africa (UN);;2015;;;25,49
Sub-Saharan Africa (UN);;2016;;;25,73
Switzerland;CHE;2011;100;100;100
Switzerland;CHE;2012;100;100;100
Switzerland;CHE;2013;100;100;100
Switzerland;CHE;2014;100;100;100
Switzerland;CHE;2015;100;100;100
Switzerland;CHE;2016;100;100;100
Thailand;THA;2011;98,8;99,57;89,3
Thailand;THA;2019;99,82;99,53;100
Thailand;THA;2020;99,84;99,53;100
Togo;TGO;2020;0,48;4,28;14,06
Tokelau;TKL;2019;0;0;0
Tokelau;TKL;2020;0;0;0
Tonga;TON;2020;6,87;63,64;88,46
Tunisia;TUN;2016;57,54;;
Tunisia;TUN;2017;56,39;99,89;95,69
Tunisia;TUN;2018;48,66;99,47;95,38
Tunisia;TUN;2020;;99,39;96,35
Turkmenistan;TKM;2019;28,22;28,22;28,22
Turkmenistan;TKM;2020;31,1;31,1;31,1
Turks and Caicos Islands;TCA;2010;6,25;100;100
Turks and Caicos Islands;TCA;2018;93,1;84,62;84,62
Turks and Caicos Islands;TCA;2020;;;83,33
Tuvalu;TUV;2019;0;0;0
Tuvalu;TUV;2020;90;100;100
Tuvalu;TUV;2016;;;50
Tuvalu;TUV;2018;;;50
Ukraine;UKR;2016;41,29;79,52;96,36
Ukraine;UKR;2017;48,16;85,29;97,67
Ukraine;UKR;2018;57,79;88,97;97,73
Ukraine;UKR;2019;78,42;100;100
Ukraine;UKR;2020;93,27;100;100
United Arab Emirates;ARE;2016;100;100;100
United Arab Emirates;ARE;2017;100;100;100
United Arab Emirates;ARE;2019;100;100;100
United Arab Emirates;ARE;2020;100;100;100
Uruguay;URY;2009;94,79;100;100
Uruguay;URY;2015;100;100;100
Uruguay;URY;2016;100;100;100
Uruguay;URY;2017;100;100;100
Uruguay;URY;2018;100;100;100
Uruguay;URY;2019;100;100;100
Uzbekistan;UZB;2017;90,7;89,33;97,06
Uzbekistan;UZB;2018;88,66;87,32;96,72
Uzbekistan;UZB;2019;86,52;86,58;96,88
Uzbekistan;UZB;2020;98,37;83,55;
Vietnam;VNM;2020;100;100;100
World;OWID_WRL;2018;38,26;49,13;60,74
World;OWID_WRL;2019;39,09;49,7;62,79
World;OWID_WRL;2020;40,29;50,95;65,5
World;OWID_WRL;2016;;49,24;58,92
World;OWID_WRL;2017;;49,06;60,74
World;OWID_WRL;2015;;;59,67
Zambia;ZMB;2016;4,49;;23,03
Zambia;ZMB;2017;5,81;;28,54
Zimbabwe;ZWE;2015;12,08;13,03;61,24
Zimbabwe;ZWE;2016;14,44;15;69,03
Zimbabwe;ZWE;2017;17,23;15,97;74,97
Zimbabwe;ZWE;2018;20,05;19,28;75,64
Zimbabwe;ZWE;2019;24,21;23,26;76,49
Zimbabwe;ZWE;2020;22,55;21,24;70,71