Entity,Code,Year,Government Expenditure (IMF based on Mauro et al. (2015))
Afghanistan,AFG,2003,14.06612913
Afghanistan,AFG,2004,15.6573216
Afghanistan,AFG,2005,17.20629674
Afghanistan,AFG,2006,21.53552863
Afghanistan,AFG,2007,21.99190354
Afghanistan,AFG,2008,21.54948714
Afghanistan,AFG,2009,21.86447458
Afghanistan,AFG,2010,21.11169652
Afghanistan,AFG,2011,22.9868095
Albania,ALB,1997,37.17889666
Albania,ALB,1998,43.26433453
Albania,ALB,1999,42.38211984
Albania,ALB,2000,38.47335767
Albania,ALB,2001,36.26489263
Albania,ALB,2002,34.89083729
Albania,ALB,2003,32.99615023
Albania,ALB,2004,33.19105055
Albania,ALB,2005,31.49977819
Albania,ALB,2006,32.18591059
Albania,ALB,2007,31.92286627
Albania,ALB,2008,34.70968038
Albania,ALB,2009,36.54311026
Albania,ALB,2010,33.38815055
Albania,ALB,2011,31.65025311
Algeria,DZA,1990,27.33405483
Algeria,DZA,1991,29.60451532
Algeria,DZA,1992,30.87610904
Algeria,DZA,1993,35.09082779
Algeria,DZA,1994,33.81625656
Algeria,DZA,1995,32.48330416
Algeria,DZA,1996,31.65634241
Algeria,DZA,1997,34.33483203
Algeria,DZA,1998,34.85374462
Algeria,DZA,1999,35.65793028
Algeria,DZA,2000,32.50571117
Algeria,DZA,2001,34.74164321
Algeria,DZA,2002,37.31860794
Algeria,DZA,2003,34.37208461
Algeria,DZA,2004,32.15125791
Algeria,DZA,2005,28.10458873
Algeria,DZA,2006,29.64703918
Algeria,DZA,2007,34.15584302
Algeria,DZA,2008,38.39140281
Algeria,DZA,2009,42.55493453
Algeria,DZA,2010,37.19326647
Algeria,DZA,2011,40.68145846
Angola,AGO,2000,55.04505882
Angola,AGO,2001,46.9185658
Angola,AGO,2002,41.0441097
Angola,AGO,2003,44.98059152
Angola,AGO,2004,38.04106483
Angola,AGO,2005,36.71002702
Angola,AGO,2006,39.94863809
Angola,AGO,2007,42.32446079
Angola,AGO,2008,57.33614396
Angola,AGO,2009,43.63790943
Angola,AGO,2010,39.11530214
Angola,AGO,2011,39.55557754
Argentina,ARG,1990,11.691373
Argentina,ARG,1991,12.318349
Argentina,ARG,1992,13.69316
Argentina,ARG,1993,14.39733
Argentina,ARG,1994,15.41488
Argentina,ARG,1995,16.0295
Argentina,ARG,1996,15.63246
Argentina,ARG,1997,27.54089
Argentina,ARG,1998,28.48897
Argentina,ARG,1999,31.87244
Argentina,ARG,2000,32.26813
Argentina,ARG,2001,34.40069
Argentina,ARG,2002,55.7023
Argentina,ARG,2003,38.04403
Argentina,ARG,2004,40.17721
Argentina,ARG,2005,37.19302
Argentina,ARG,2006,35.85573
Argentina,ARG,2007,38.14186
Argentina,ARG,2008,37.77452
Argentina,ARG,2009,41.74966
Argentina,ARG,2010,42.00562
Argentina,ARG,2011,43.26559
Armenia,ARM,1996,2.61232394
Armenia,ARM,1997,2.698103918
Armenia,ARM,1998,2.018776308
Armenia,ARM,1999,2.009734833
Armenia,ARM,2000,1.679382481
Armenia,ARM,2001,1.236779227
Armenia,ARM,2002,0.810408539
Armenia,ARM,2003,0.688062304
Armenia,ARM,2004,0.515489665
Armenia,ARM,2005,20.33077366
Armenia,ARM,2006,20.34018377
Armenia,ARM,2007,22.73582456
Armenia,ARM,2008,22.52730067
Armenia,ARM,2009,29.06902122
Armenia,ARM,2010,27.07300693
Armenia,ARM,2011,25.90722895
Australia,AUS,1990,40.3990529
Australia,AUS,1991,42.16800593
Australia,AUS,1992,41.70493175
Australia,AUS,1993,41.90938027
Australia,AUS,1994,41.91699031
Australia,AUS,1995,40.8874751
Australia,AUS,1996,39.38242169
Australia,AUS,1997,37.52386124
Australia,AUS,1998,37.34401246
Australia,AUS,1999,36.65006639
Australia,AUS,2000,37.64208263
Australia,AUS,2001,36.95777722
Australia,AUS,2002,36.19652507
Australia,AUS,2003,36.27667557
Australia,AUS,2004,36.18753726
Australia,AUS,2005,35.31631168
Australia,AUS,2006,35.03793491
Australia,AUS,2007,34.86655986
Australia,AUS,2008,37.35211789
Australia,AUS,2009,38.57650805
Australia,AUS,2010,38.40038
Australia,AUS,2011,36.743112
Austria,AUT,1990,54.92958
Austria,AUT,1991,56.21576
Austria,AUT,1992,57.11526
Austria,AUT,1993,60.31203
Austria,AUT,1994,59.79424
Austria,AUT,1995,60.39174
Austria,AUT,1996,59.87065
Austria,AUT,1997,57.20946
Austria,AUT,1998,57.41596
Austria,AUT,1999,56.91652
Austria,AUT,2000,55.54919
Austria,AUT,2001,54.80785
Austria,AUT,2002,54.00186
Austria,AUT,2003,54.40004
Austria,AUT,2004,56.71067
Austria,AUT,2005,52.96992
Austria,AUT,2006,52.00873
Austria,AUT,2007,51.47672
Austria,AUT,2008,51.99422
Austria,AUT,2009,55.69787
Austria,AUT,2010,55.17099
Austria,AUT,2011,52.71051
Azerbaijan,AZE,2000,21.22520627
Azerbaijan,AZE,2001,18.92164865
Azerbaijan,AZE,2002,27.95240792
Azerbaijan,AZE,2003,28.74940133
Azerbaijan,AZE,2004,26.08619133
Azerbaijan,AZE,2005,22.79746304
Azerbaijan,AZE,2006,26.95595304
Azerbaijan,AZE,2007,26.04194668
Azerbaijan,AZE,2008,31.21138626
Azerbaijan,AZE,2009,33.88609144
Azerbaijan,AZE,2010,31.76673568
Azerbaijan,AZE,2011,34.64542411
Bahrain,BHR,1990,38.0233719
Bahrain,BHR,1991,34.0516248
Bahrain,BHR,1992,35.80585568
Bahrain,BHR,1993,29.87265381
Bahrain,BHR,1994,28.26357034
Bahrain,BHR,1995,31.25412046
Bahrain,BHR,1996,28.09816486
Bahrain,BHR,1997,38.12171816
Bahrain,BHR,1998,28.89620025
Bahrain,BHR,1999,33.55072813
Bahrain,BHR,2000,26.68584799
Bahrain,BHR,2001,33.61927737
Bahrain,BHR,2002,37.14499599
Bahrain,BHR,2003,34.61843006
Bahrain,BHR,2004,31.58266007
Bahrain,BHR,2005,30.79869351
Bahrain,BHR,2006,29.38840772
Bahrain,BHR,2007,28.41732595
Bahrain,BHR,2008,28.0907362
Bahrain,BHR,2009,31.17447476
Bahrain,BHR,2010,35.27861111
Bahrain,BHR,2011,32.05186875
Bangladesh,BGD,1990,13.1601594
Bangladesh,BGD,1991,13.03677859
Bangladesh,BGD,1992,12.902535
Bangladesh,BGD,1993,14.16165814
Bangladesh,BGD,1994,14.53441822
Bangladesh,BGD,1995,15.17462224
Bangladesh,BGD,1996,14.43332291
Bangladesh,BGD,1997,14.47574533
Bangladesh,BGD,1998,14.49960685
Bangladesh,BGD,1999,13.05904763
Bangladesh,BGD,2000,14.82365272
Bangladesh,BGD,2001,16.39801314
Bangladesh,BGD,2002,16.07581012
Bangladesh,BGD,2003,15.97544215
Bangladesh,BGD,2004,15.26783995
Bangladesh,BGD,2005,15.83002209
Bangladesh,BGD,2006,15.88033904
Bangladesh,BGD,2007,15.32731018
Bangladesh,BGD,2008,18.39041417
Bangladesh,BGD,2009,17.02778433
Bangladesh,BGD,2010,16.71956462
Bangladesh,BGD,2011,17.99112519
Belarus,BLR,1993,1.33885809
Belarus,BLR,1994,0.379812782
Belarus,BLR,1995,1.280231809
Belarus,BLR,1996,1.103133984
Belarus,BLR,1997,1.116194847
Belarus,BLR,1998,11.54995156
Belarus,BLR,1999,11.12506502
Belarus,BLR,2000,12.08605973
Belarus,BLR,2001,47.56728714
Belarus,BLR,2002,47.21007547
Belarus,BLR,2003,47.49459535
Belarus,BLR,2004,46.99984288
Belarus,BLR,2005,48.39052664
Belarus,BLR,2006,48.00817625
Belarus,BLR,2007,49.41689623
Belarus,BLR,2008,53.14596246
Belarus,BLR,2009,47.14439961
Belarus,BLR,2010,44.04615213
Belarus,BLR,2011,37.09294391
Belgium,BEL,1990,63.9857
Belgium,BEL,1991,64.7183
Belgium,BEL,1992,64.6525
Belgium,BEL,1993,65.6678
Belgium,BEL,1994,61.78788
Belgium,BEL,1995,60.97062
Belgium,BEL,1996,60.87253
Belgium,BEL,1997,58.85165
Belgium,BEL,1998,57.7108
Belgium,BEL,1999,56.95496
Belgium,BEL,2000,55.69435
Belgium,BEL,2001,55.59895
Belgium,BEL,2002,55.52733
Belgium,BEL,2003,56.36905
Belgium,BEL,2004,54.12447
Belgium,BEL,2005,56.38897
Belgium,BEL,2006,52.60511
Belgium,BEL,2007,52.19044
Belgium,BEL,2008,53.72979
Belgium,BEL,2009,57.51933
Belgium,BEL,2010,56.41521
Belgium,BEL,2011,56.54201
Benin,BEN,1990,24.92594651
Benin,BEN,1991,23.44855605
Benin,BEN,1992,25.89815601
Benin,BEN,1993,22.40759879
Benin,BEN,1994,25.51181864
Benin,BEN,1995,27.15468002
Benin,BEN,1996,24.35981721
Benin,BEN,1997,22.70984441
Benin,BEN,1998,19.10505145
Benin,BEN,1999,20.22437314
Benin,BEN,2000,24.11659773
Benin,BEN,2001,23.47049779
Benin,BEN,2002,23.52120582
Benin,BEN,2003,21.12480317
Benin,BEN,2004,21.11972899
Benin,BEN,2005,21.59937893
Benin,BEN,2006,19.64582525
Benin,BEN,2007,25.02162602
Benin,BEN,2008,21.72927238
Benin,BEN,2009,25.53942385
Benin,BEN,2010,20.99185393
Benin,BEN,2011,21.97955548
Bhutan,BTN,1990,38.60219796
Bhutan,BTN,1991,33.15017765
Bhutan,BTN,1992,37.11046495
Bhutan,BTN,1993,39.97992946
Bhutan,BTN,1994,42.17350616
Bhutan,BTN,1995,42.67556463
Bhutan,BTN,1996,42.14919408
Bhutan,BTN,1997,43.60500283
Bhutan,BTN,1998,35.77223669
Bhutan,BTN,1999,47.11371282
Bhutan,BTN,2000,47.98586007
Bhutan,BTN,2001,53.32340667
Bhutan,BTN,2002,41.85613667
Bhutan,BTN,2003,36.72441218
Bhutan,BTN,2004,33.16369202
Bhutan,BTN,2005,39.13686375
Bhutan,BTN,2006,36.8632465
Bhutan,BTN,2007,36.03119407
Bhutan,BTN,2008,37.9726015
Bhutan,BTN,2009,36.28286944
Bhutan,BTN,2010,47.30484433
Bhutan,BTN,2011,40.03084768
Bolivia,BOL,1990,25.40316
Bolivia,BOL,1991,26.8518
Bolivia,BOL,1992,27.83575
Bolivia,BOL,1993,29.78167
Bolivia,BOL,1994,29.26868
Bolivia,BOL,1995,28.70878
Bolivia,BOL,1996,28.81103
Bolivia,BOL,1997,30.55367
Bolivia,BOL,1998,32.07597
Bolivia,BOL,1999,31.35773
Bolivia,BOL,2000,31.59028
Bolivia,BOL,2001,34.55665
Bolivia,BOL,2002,35.88852
Bolivia,BOL,2003,34.80561
Bolivia,BOL,2004,35.2717
Bolivia,BOL,2005,36.18329
Bolivia,BOL,2006,32.3296
Bolivia,BOL,2007,34.34911
Bolivia,BOL,2008,36.57227
Bolivia,BOL,2009,37.11965
Bolivia,BOL,2010,32.72975
Bolivia,BOL,2011,36.60507
Bosnia and Herzegovina,BIH,1998,57.45371544
Bosnia and Herzegovina,BIH,1999,61.16634731
Bosnia and Herzegovina,BIH,2000,60.7231914
Bosnia and Herzegovina,BIH,2001,52.25244013
Bosnia and Herzegovina,BIH,2002,48.59389372
Bosnia and Herzegovina,BIH,2003,48.0984257
Bosnia and Herzegovina,BIH,2004,46.18104594
Bosnia and Herzegovina,BIH,2005,46.23123173
Bosnia and Herzegovina,BIH,2006,46.17578079
Bosnia and Herzegovina,BIH,2007,46.98769549
Bosnia and Herzegovina,BIH,2008,49.82504285
Bosnia and Herzegovina,BIH,2009,51.52599802
Bosnia and Herzegovina,BIH,2010,51.36000559
Bosnia and Herzegovina,BIH,2011,49.82208027
Botswana,BWA,1990,39.41947778
Botswana,BWA,1991,41.58588294
Botswana,BWA,1992,42.8149037
Botswana,BWA,1993,42.4537784
Botswana,BWA,1994,37.9505479
Botswana,BWA,1995,36.79562177
Botswana,BWA,1996,36.02001646
Botswana,BWA,1997,36.95539978
Botswana,BWA,1998,37.47276681
Botswana,BWA,1999,37.86785001
Botswana,BWA,2000,38.26755226
Botswana,BWA,2001,38.16218562
Botswana,BWA,2002,40.57684636
Botswana,BWA,2003,39.38762307
Botswana,BWA,2004,36.50585491
Botswana,BWA,2005,32.19147956
Botswana,BWA,2006,29.25726883
Botswana,BWA,2007,31.34290945
Botswana,BWA,2008,39.53467094
Botswana,BWA,2009,45.69728539
Botswana,BWA,2010,36.7099432
Botswana,BWA,2011,32.19808448
Brazil,BRA,1996,44.38955
Brazil,BRA,1997,44.54918
Brazil,BRA,1998,49.55166
Brazil,BRA,1999,49.06897
Brazil,BRA,2000,42.09633
Brazil,BRA,2001,42.46708
Brazil,BRA,2002,47.1548
Brazil,BRA,2003,47.70375
Brazil,BRA,2004,44.2441
Brazil,BRA,2005,46.60945
Brazil,BRA,2006,46.26872
Brazil,BRA,2007,44.40182
Brazil,BRA,2008,43.11521
Brazil,BRA,2009,43.95671
Brazil,BRA,2010,45.73496
Brazil,BRA,2011,43.33951
Brunei,BRN,1990,44.68735308
Brunei,BRN,1991,43.50735064
Brunei,BRN,1992,45.04254071
Brunei,BRN,1993,51.66038589
Brunei,BRN,1994,69.09578728
Brunei,BRN,1995,66.4295082
Brunei,BRN,1996,51.89976777
Brunei,BRN,1997,52.82690126
Brunei,BRN,1998,59.98259073
Brunei,BRN,1999,55.46716265
Brunei,BRN,2000,41.54315533
Brunei,BRN,2001,39.30865643
Brunei,BRN,2002,45.90151126
Brunei,BRN,2003,34.22423365
Brunei,BRN,2004,36.73623723
Brunei,BRN,2005,32.19218235
Brunei,BRN,2006,30.79886316
Brunei,BRN,2007,32.492131
Brunei,BRN,2008,30.13006305
Brunei,BRN,2009,38.67583945
Brunei,BRN,2010,40.08620179
Brunei,BRN,2011,33.63677888
Bulgaria,BGR,1995,59.5216
Bulgaria,BGR,1996,63.4806
Bulgaria,BGR,1997,39.96394
Bulgaria,BGR,1998,43.63634
Bulgaria,BGR,1999,43.62626
Bulgaria,BGR,2000,45.44375
Bulgaria,BGR,2001,44.85054
Bulgaria,BGR,2002,41.82652
Bulgaria,BGR,2003,41.36289
Bulgaria,BGR,2004,40.48001
Bulgaria,BGR,2005,38.88213
Bulgaria,BGR,2006,35.70623
Bulgaria,BGR,2007,40.93576
Bulgaria,BGR,2008,39.177363
Bulgaria,BGR,2009,41.442878
Bulgaria,BGR,2010,38.656982
Bulgaria,BGR,2011,34.796476
Burkina Faso,BFA,1990,10.42025923
Burkina Faso,BFA,1991,17.03319844
Burkina Faso,BFA,1992,16.58136929
Burkina Faso,BFA,1993,21.45534261
Burkina Faso,BFA,1994,21.47072985
Burkina Faso,BFA,1995,23.23718736
Burkina Faso,BFA,1996,23.0793982
Burkina Faso,BFA,1997,23.33910426
Burkina Faso,BFA,1998,22.96535448
Burkina Faso,BFA,1999,25.04843181
Burkina Faso,BFA,2000,23.18173521
Burkina Faso,BFA,2001,22.95544312
Burkina Faso,BFA,2002,22.63722403
Burkina Faso,BFA,2003,20.48678126
Burkina Faso,BFA,2004,23.53932332
Burkina Faso,BFA,2005,23.3618771
Burkina Faso,BFA,2006,25.18293375
Burkina Faso,BFA,2007,27.1762446
Burkina Faso,BFA,2008,21.45402665
Burkina Faso,BFA,2009,25.33974637
Burkina Faso,BFA,2010,25.35808158
Burkina Faso,BFA,2011,24.86854606
Burundi,BDI,1992,22.52178662
Burundi,BDI,1993,23.14454312
Burundi,BDI,1994,20.5304124
Burundi,BDI,1995,21.16697731
Burundi,BDI,1996,23.41837765
Burundi,BDI,1997,18.14495755
Burundi,BDI,1998,20.18918665
Burundi,BDI,1999,22.59925945
Burundi,BDI,2000,21.96250405
Burundi,BDI,2001,23.11211976
Burundi,BDI,2002,22.15764256
Burundi,BDI,2003,29.38627178
Burundi,BDI,2004,31.33148282
Burundi,BDI,2005,28.83027439
Burundi,BDI,2006,29.41672862
Burundi,BDI,2007,41.00473466
Burundi,BDI,2008,42.68543853
Burundi,BDI,2009,39.99417885
Burundi,BDI,2010,41.54593716
Burundi,BDI,2011,40.90043654
Cambodia,KHM,1996,15.80448327
Cambodia,KHM,1997,12.5111962
Cambodia,KHM,1998,13.53152683
Cambodia,KHM,1999,13.9732639
Cambodia,KHM,2000,15.19424105
Cambodia,KHM,2001,15.27105933
Cambodia,KHM,2002,17.04734626
Cambodia,KHM,2003,15.93272798
Cambodia,KHM,2004,14.09135874
Cambodia,KHM,2005,12.54628235
Cambodia,KHM,2006,13.11980781
Cambodia,KHM,2007,14.65707842
Cambodia,KHM,2008,15.79840111
Cambodia,KHM,2009,20.22869743
Cambodia,KHM,2010,20.1822284
Cambodia,KHM,2011,19.93308126
Cameroon,CMR,2000,20.2995374
Cameroon,CMR,2001,20.04593943
Cameroon,CMR,2002,18.35708047
Cameroon,CMR,2003,17.67965138
Cameroon,CMR,2004,17.93901772
Cameroon,CMR,2005,16.08523818
Cameroon,CMR,2006,15.47927182
Cameroon,CMR,2007,16.26044963
Cameroon,CMR,2008,18.84895066
Cameroon,CMR,2009,18.76339013
Cameroon,CMR,2010,18.84984716
Cameroon,CMR,2011,21.99452399
Canada,CAN,1990,58.25952
Canada,CAN,1991,61.67861
Canada,CAN,1992,62.65466
Canada,CAN,1993,61.41853
Canada,CAN,1994,58.76564
Canada,CAN,1995,58.0452
Canada,CAN,1996,55.70116
Canada,CAN,1997,52.66362
Canada,CAN,1998,53.04809
Canada,CAN,1999,50.3213
Canada,CAN,2000,48.21312
Canada,CAN,2001,48.13243
Canada,CAN,2002,46.71843
Canada,CAN,2003,46.20128
Canada,CAN,2004,44.66891
Canada,CAN,2005,43.75774
Canada,CAN,2006,43.61158
Canada,CAN,2007,43.306
Canada,CAN,2008,43.41975
Canada,CAN,2009,47.87278
Canada,CAN,2010,47.52163
Canada,CAN,2011,43.141494
Cape Verde,CPV,2002,42.81404449
Cape Verde,CPV,2003,34.30947539
Cape Verde,CPV,2004,38.38036239
Cape Verde,CPV,2005,39.87499063
Cape Verde,CPV,2006,39.19768849
Cape Verde,CPV,2007,35.30588379
Cape Verde,CPV,2008,35.56153916
Cape Verde,CPV,2009,36.60405129
Cape Verde,CPV,2010,40.368065
Cape Verde,CPV,2011,33.84400726
Central African Republic,CAF,1990,23.2167368
Central African Republic,CAF,1991,23.56008594
Central African Republic,CAF,1992,22.24694458
Central African Republic,CAF,1993,13.15535694
Central African Republic,CAF,1994,24.72020415
Central African Republic,CAF,1995,19.83007761
Central African Republic,CAF,1996,19.84990071
Central African Republic,CAF,1997,14.70833042
Central African Republic,CAF,1998,19.29886484
Central African Republic,CAF,1999,18.72313434
Central African Republic,CAF,2000,18.66384455
Central African Republic,CAF,2001,15.60934432
Central African Republic,CAF,2002,18.55396969
Central African Republic,CAF,2003,14.26343944
Central African Republic,CAF,2004,15.13047111
Central African Republic,CAF,2005,17.94914336
Central African Republic,CAF,2006,14.9412427
Central African Republic,CAF,2007,14.65815834
Central African Republic,CAF,2008,18.02773854
Central African Republic,CAF,2009,17.29854499
Central African Republic,CAF,2010,19.58315451
Central African Republic,CAF,2011,16.39009559
Chad,TCD,1995,19.05585013
Chad,TCD,1996,17.76334046
Chad,TCD,1997,18.5662886
Chad,TCD,1998,15.70842375
Chad,TCD,1999,19.83326001
Chad,TCD,2000,21.65032058
Chad,TCD,2001,18.33174362
Chad,TCD,2002,21.09215382
Chad,TCD,2003,22.48754681
Chad,TCD,2004,14.87585948
Chad,TCD,2005,13.40628091
Chad,TCD,2006,16.90531253
Chad,TCD,2007,21.50668302
Chad,TCD,2008,23.67823956
Chad,TCD,2009,30.12799966
Chad,TCD,2010,31.15664304
Chad,TCD,2011,26.55153843
Chile,CHL,1990,24.14864
Chile,CHL,1991,20.120522
Chile,CHL,1992,20.60874
Chile,CHL,1993,22.47655
Chile,CHL,1994,22.64081
Chile,CHL,1995,20.86806
Chile,CHL,1996,22.84978
Chile,CHL,1997,22.70722
Chile,CHL,1998,23.95704
Chile,CHL,1999,25.87662
Chile,CHL,2000,25.0946
Chile,CHL,2001,25.45786
Chile,CHL,2002,25.51477
Chile,CHL,2003,24.19347
Chile,CHL,2004,22.625492
Chile,CHL,2005,21.878383
Chile,CHL,2006,20.411808
Chile,CHL,2007,21.010884
Chile,CHL,2008,23.340799
Chile,CHL,2009,26.927424
Chile,CHL,2010,25.666872
Chile,CHL,2011,23.388186
China,CHN,1990,21.2184
China,CHN,1991,19.420102
China,CHN,1992,17.39002
China,CHN,1993,15.724224
China,CHN,1994,14.550388
China,CHN,1995,13.244756
China,CHN,1996,12.856743
China,CHN,1997,13.911759
China,CHN,1998,15.776116
China,CHN,1999,17.449483
China,CHN,2000,17.786586
China,CHN,2001,18.63672
China,CHN,2002,19.441995
China,CHN,2003,19.312053
China,CHN,2004,18.610355
China,CHN,2005,19.048895
China,CHN,2006,19.359913
China,CHN,2007,19.29201
China,CHN,2008,20.458074
China,CHN,2009,23.53785
China,CHN,2010,23.133888
China,CHN,2011,24.4052
Colombia,COL,1990,10.4
Colombia,COL,1991,11.6
Colombia,COL,1992,13.2
Colombia,COL,1993,13.1
Colombia,COL,1994,14
Colombia,COL,1995,14.8
Colombia,COL,1996,17.6
Colombia,COL,1997,18.3
Colombia,COL,1998,19.9
Colombia,COL,1999,22.6
Colombia,COL,2000,30.09892
Colombia,COL,2001,31.89531
Colombia,COL,2002,31.529
Colombia,COL,2003,31.22393
Colombia,COL,2004,30.11737
Colombia,COL,2005,29.18519
Colombia,COL,2006,31.99686
Colombia,COL,2007,32.26999
Colombia,COL,2008,29.75929
Colombia,COL,2009,32.39322
Colombia,COL,2010,30.4603
Colombia,COL,2011,30.24392
Comoros,COM,1990,33.75310012
Comoros,COM,1991,33.49889451
Comoros,COM,1992,34.39964018
Comoros,COM,1993,30.37342021
Comoros,COM,1994,38.91208157
Comoros,COM,1995,32.33179413
Comoros,COM,1996,27.23521632
Comoros,COM,1997,25.76225819
Comoros,COM,1998,25.17210482
Comoros,COM,1999,20.02240386
Comoros,COM,2000,17.22873588
Comoros,COM,2001,23.08598919
Comoros,COM,2002,25.16080556
Comoros,COM,2003,22.46749374
Comoros,COM,2004,20.98178222
Comoros,COM,2005,20.64243534
Comoros,COM,2006,21.97337958
Comoros,COM,2007,22.81742579
Comoros,COM,2008,26.74110135
Comoros,COM,2009,23.58218728
Comoros,COM,2010,22.66115601
Comoros,COM,2011,22.5657531
Congo,COG,1990,41.92223257
Congo,COG,1991,46.74058057
Congo,COG,1992,44.59419997
Congo,COG,1993,44.18218134
Congo,COG,1994,48.11922964
Congo,COG,1995,46.26768867
Congo,COG,1996,18.3452183
Congo,COG,1997,26.22893593
Congo,COG,1998,30.61233184
Congo,COG,1999,43.85031923
Congo,COG,2000,32.38412128
Congo,COG,2001,24.86378948
Congo,COG,2002,28.35894817
Congo,COG,2003,35.58992027
Congo,COG,2004,31.9333822
Congo,COG,2005,29.08281683
Congo,COG,2006,32.20583288
Congo,COG,2007,32.37115184
Congo,COG,2008,26.47228619
Congo,COG,2009,26.28245304
Congo,COG,2010,22.42276267
Congo,COG,2011,26.22464809
Costa Rica,CRI,1990,28.72331
Costa Rica,CRI,1991,22.76976
Costa Rica,CRI,1992,21.62607
Costa Rica,CRI,1993,22.91443
Costa Rica,CRI,1994,19.9121
Costa Rica,CRI,1995,20.38503
Costa Rica,CRI,1996,20.80265
Costa Rica,CRI,1997,18.72895
Costa Rica,CRI,1998,17.92111
Costa Rica,CRI,1999,17.96284
Costa Rica,CRI,2000,19.84967
Costa Rica,CRI,2001,21.26941
Costa Rica,CRI,2002,23.17365
Costa Rica,CRI,2003,22.10043
Costa Rica,CRI,2004,21.79973
Costa Rica,CRI,2005,21.47185
Costa Rica,CRI,2006,19.84713
Costa Rica,CRI,2007,18.50227
Costa Rica,CRI,2008,18.79294
Costa Rica,CRI,2009,20.06136
Costa Rica,CRI,2010,21.78994
Costa Rica,CRI,2011,20.55351
Cote d'Ivoire,CIV,1997,26.5577206
Cote d'Ivoire,CIV,1998,25.0100915
Cote d'Ivoire,CIV,1999,23.65282628
Cote d'Ivoire,CIV,2000,22.58805684
Cote d'Ivoire,CIV,2001,20.26620213
Cote d'Ivoire,CIV,2002,22.68086082
Cote d'Ivoire,CIV,2003,21.81594428
Cote d'Ivoire,CIV,2004,22.31417258
Cote d'Ivoire,CIV,2005,21.91479509
Cote d'Ivoire,CIV,2006,22.5949113
Cote d'Ivoire,CIV,2007,22.25195465
Cote d'Ivoire,CIV,2008,22.94096985
Cote d'Ivoire,CIV,2009,22.61387062
Cote d'Ivoire,CIV,2010,23.71541241
Cote d'Ivoire,CIV,2011,28.49799873
Croatia,HRV,2002,46.80985575
Croatia,HRV,2003,45.57950658
Croatia,HRV,2004,44.2500684
Croatia,HRV,2005,43.28782322
Croatia,HRV,2006,43.0325805
Croatia,HRV,2007,43.67179513
Croatia,HRV,2008,42.00902625
Croatia,HRV,2009,44.83565202
Croatia,HRV,2010,45.36796548
Croatia,HRV,2011,44.78755815
Cyprus,CYP,1995,35.91084793
Cyprus,CYP,1996,38.31796604
Cyprus,CYP,1997,39.44652992
Cyprus,CYP,1998,40.71620934
Cyprus,CYP,1999,40.75624703
Cyprus,CYP,2000,41.28103155
Cyprus,CYP,2001,42.03693696
Cyprus,CYP,2002,43.9707867
Cyprus,CYP,2003,48.21761747
Cyprus,CYP,2004,46.05551696
Cyprus,CYP,2005,47.37623208
Cyprus,CYP,2006,46.57668457
Cyprus,CYP,2007,44.56664013
Cyprus,CYP,2008,44.96473742
Cyprus,CYP,2009,48.81119794
Cyprus,CYP,2010,48.41576707
Cyprus,CYP,2011,48.4860283
Czechia,CZE,1995,54.04016233
Czechia,CZE,1996,42.82928629
Czechia,CZE,1997,43.65852416
Czechia,CZE,1998,44.06647707
Czechia,CZE,1999,43.17613167
Czechia,CZE,2000,42.44570306
Czechia,CZE,2001,44.87181634
Czechia,CZE,2002,46.74589976
Czechia,CZE,2003,51.04484308
Czechia,CZE,2004,44.35857642
Czechia,CZE,2005,44.09965675
Czechia,CZE,2006,43.02053422
Czechia,CZE,2007,42.12705112
Czechia,CZE,2008,42.17262657
Czechia,CZE,2009,45.94298079
Czechia,CZE,2010,45.08055829
Czechia,CZE,2011,44.40663097
Democratic Republic of Congo,COD,1996,12.55529973
Democratic Republic of Congo,COD,1997,13.65606573
Democratic Republic of Congo,COD,1998,16.27160314
Democratic Republic of Congo,COD,1999,11.59127138
Democratic Republic of Congo,COD,2000,13.08599531
Democratic Republic of Congo,COD,2001,9.582087444
Democratic Republic of Congo,COD,2002,8.982089891
Democratic Republic of Congo,COD,2003,20.52889541
Democratic Republic of Congo,COD,2004,20.27443556
Democratic Republic of Congo,COD,2005,28.64999069
Democratic Republic of Congo,COD,2006,27.63025459
Democratic Republic of Congo,COD,2007,26.08138958
Democratic Republic of Congo,COD,2008,29.65917274
Democratic Republic of Congo,COD,2009,32.37811381
Democratic Republic of Congo,COD,2010,30.29401167
Democratic Republic of Congo,COD,2011,31.76074722
Denmark,DNK,1990,61.99082
Denmark,DNK,1991,62.64265
Denmark,DNK,1992,63.11169
Denmark,DNK,1993,66.87545
Denmark,DNK,1994,66.29922
Denmark,DNK,1995,65.17492
Denmark,DNK,1996,64.58781
Denmark,DNK,1997,61.70673
Denmark,DNK,1998,60.90018
Denmark,DNK,1999,59.61616
Denmark,DNK,2000,57.35695
Denmark,DNK,2001,57.61225
Denmark,DNK,2002,57.74612
Denmark,DNK,2003,57.93489
Denmark,DNK,2004,57.11444
Denmark,DNK,2005,54.86854
Denmark,DNK,2006,53.35626
Denmark,DNK,2007,52.38736
Denmark,DNK,2008,53.31223
Denmark,DNK,2009,60.33388
Denmark,DNK,2010,60.34815
Denmark,DNK,2011,57.073535
Djibouti,DJI,1991,40.96512501
Djibouti,DJI,1992,52.40051318
Djibouti,DJI,1993,53.06387079
Djibouti,DJI,1994,47.99304216
Djibouti,DJI,1995,39.90232432
Djibouti,DJI,1996,35.35053249
Djibouti,DJI,1997,35.93747202
Djibouti,DJI,1998,34.07316287
Djibouti,DJI,1999,33.56098435
Djibouti,DJI,2000,33.06570512
Djibouti,DJI,2001,29.73290776
Djibouti,DJI,2002,33.23557632
Djibouti,DJI,2003,36.65378873
Djibouti,DJI,2004,37.84031744
Djibouti,DJI,2005,37.26084794
Djibouti,DJI,2006,37.84283024
Djibouti,DJI,2007,38.16530301
Djibouti,DJI,2008,40.88097602
Djibouti,DJI,2009,41.98786478
Djibouti,DJI,2010,36.33771298
Djibouti,DJI,2011,35.62813888
Dominican Republic,DOM,1990,12.25163
Dominican Republic,DOM,1991,11.48462
Dominican Republic,DOM,1992,12.57192
Dominican Republic,DOM,1993,14.19915
Dominican Republic,DOM,1994,12.855129
Dominican Republic,DOM,1995,11.809029
Dominican Republic,DOM,1996,12.092826
Dominican Republic,DOM,1997,12.485851
Dominican Republic,DOM,1998,12.391149
Dominican Republic,DOM,1999,13.719169
Dominican Republic,DOM,2000,12.334591
Dominican Republic,DOM,2001,14.025807
Dominican Republic,DOM,2002,17.45343
Dominican Republic,DOM,2003,18.6627
Dominican Republic,DOM,2004,18.51728
Dominican Republic,DOM,2005,17.31748
Dominican Republic,DOM,2006,18.40343
Dominican Republic,DOM,2007,18.15945
Dominican Republic,DOM,2008,20.52777
Dominican Republic,DOM,2009,19.07821
Dominican Republic,DOM,2010,17.99727
Dominican Republic,DOM,2011,18.13044
Egypt,EGY,2002,42.14435207
Egypt,EGY,2003,40.92451497
Egypt,EGY,2004,39.59876777
Egypt,EGY,2005,38.9342316
Egypt,EGY,2006,43.51750529
Egypt,EGY,2007,40.52502753
Egypt,EGY,2008,40.80601563
Egypt,EGY,2009,38.73214898
Egypt,EGY,2010,38.67567462
Egypt,EGY,2011,37.38221904
Equatorial Guinea,GNQ,1990,77.65648757
Equatorial Guinea,GNQ,1991,75.28353599
Equatorial Guinea,GNQ,1992,66.15841184
Equatorial Guinea,GNQ,1993,65.90053682
Equatorial Guinea,GNQ,1994,44.37730343
Equatorial Guinea,GNQ,1995,33.58794657
Equatorial Guinea,GNQ,1996,28.83945646
Equatorial Guinea,GNQ,1997,19.84001911
Equatorial Guinea,GNQ,1998,38.85841057
Equatorial Guinea,GNQ,1999,24.45605667
Equatorial Guinea,GNQ,2000,26.55715631
Equatorial Guinea,GNQ,2001,16.74249737
Equatorial Guinea,GNQ,2002,13.68859262
Equatorial Guinea,GNQ,2003,18.40081482
Equatorial Guinea,GNQ,2004,21.77373064
Equatorial Guinea,GNQ,2005,17.45452421
Equatorial Guinea,GNQ,2006,23.52961248
Equatorial Guinea,GNQ,2007,24.9941618
Equatorial Guinea,GNQ,2008,25.43123403
Equatorial Guinea,GNQ,2009,58.1193464
Equatorial Guinea,GNQ,2010,42.15619886
Equatorial Guinea,GNQ,2011,35.66925744
Eritrea,ERI,1992,25.24418074
Eritrea,ERI,1993,52.05804624
Eritrea,ERI,1994,39.09096566
Eritrea,ERI,1995,63.31960863
Eritrea,ERI,1996,53.93816092
Eritrea,ERI,1997,47.54237204
Eritrea,ERI,1998,69.22670747
Eritrea,ERI,1999,84.03082863
Eritrea,ERI,2000,76.7315096
Eritrea,ERI,2001,72.17522643
Eritrea,ERI,2002,66.00650744
Eritrea,ERI,2003,70.17242277
Eritrea,ERI,2004,57.94234087
Eritrea,ERI,2005,60.61489068
Eritrea,ERI,2006,44.38485861
Eritrea,ERI,2007,43.11720932
Eritrea,ERI,2008,45.84502515
Eritrea,ERI,2009,33.83483001
Eritrea,ERI,2010,37.87415283
Eritrea,ERI,2011,36.5776711
Estonia,EST,1995,39.70114837
Estonia,EST,1996,37.95721829
Estonia,EST,1997,35.47079433
Estonia,EST,1998,38.26044537
Estonia,EST,1999,39.72582903
Estonia,EST,2000,35.26409525
Estonia,EST,2001,33.54714283
Estonia,EST,2002,34.437542
Estonia,EST,2003,33.37992782
Estonia,EST,2004,34.79961693
Estonia,EST,2005,35.36885021
Estonia,EST,2006,34.71135554
Estonia,EST,2007,34.99911212
Estonia,EST,2008,41.35317975
Estonia,EST,2009,48.17325552
Estonia,EST,2010,44.81960706
Estonia,EST,2011,42.62489527
Eswatini,SWZ,1990,19.31391186
Eswatini,SWZ,1991,21.12090678
Eswatini,SWZ,1992,25.4221088
Eswatini,SWZ,1993,25.04268679
Eswatini,SWZ,1994,25.6007133
Eswatini,SWZ,1995,22.68842083
Eswatini,SWZ,1996,24.42913485
Eswatini,SWZ,1997,23.53561145
Eswatini,SWZ,1998,24.61480709
Eswatini,SWZ,1999,28.30415361
Eswatini,SWZ,2000,28.27174963
Eswatini,SWZ,2001,30.19280346
Eswatini,SWZ,2002,32.32133318
Eswatini,SWZ,2003,31.59935335
Eswatini,SWZ,2004,37.97832345
Eswatini,SWZ,2005,36.36234049
Eswatini,SWZ,2006,33.49407824
Eswatini,SWZ,2007,40.00480559
Eswatini,SWZ,2008,42.11335415
Eswatini,SWZ,2009,42.88320921
Eswatini,SWZ,2010,37.10383197
Eswatini,SWZ,2011,32.45486511
Ethiopia,ETH,1990,21.28070336
Ethiopia,ETH,1991,17.86078424
Ethiopia,ETH,1992,14.94071989
Ethiopia,ETH,1993,14.84029023
Ethiopia,ETH,1994,19.56410126
Ethiopia,ETH,1995,18.71197003
Ethiopia,ETH,1996,20.04047555
Ethiopia,ETH,1997,19.03168936
Ethiopia,ETH,1998,22.01262426
Ethiopia,ETH,1999,27.71672341
Ethiopia,ETH,2000,27.4659625
Ethiopia,ETH,2001,24.1992702
Ethiopia,ETH,2002,26.56992648
Ethiopia,ETH,2003,28.67725458
Ethiopia,ETH,2004,24.5967459
Ethiopia,ETH,2005,24.02814263
Ethiopia,ETH,2006,23.03993933
Ethiopia,ETH,2007,21.37903862
Ethiopia,ETH,2008,19.35061527
Ethiopia,ETH,2009,17.6093523
Ethiopia,ETH,2010,19.042787
Ethiopia,ETH,2011,18.73085709
Fiji,FJI,1992,31.03881001
Fiji,FJI,1993,31.4249528
Fiji,FJI,1994,29.69365327
Fiji,FJI,1995,28.27646966
Fiji,FJI,1996,32.07657372
Fiji,FJI,1997,35.15004166
Fiji,FJI,1998,34.3770272
Fiji,FJI,1999,29.58005916
Fiji,FJI,2000,30.56861217
Fiji,FJI,2001,32.2893475
Fiji,FJI,2002,33.22691955
Fiji,FJI,2003,32.08221299
Fiji,FJI,2004,29.89726215
Fiji,FJI,2005,29.83335048
Fiji,FJI,2006,31.68073722
Fiji,FJI,2007,30.53685871
Fiji,FJI,2008,27.67508135
Fiji,FJI,2009,32.18023349
Fiji,FJI,2010,30.59293438
Fiji,FJI,2011,32.13688085
Finland,FIN,1990,49.54207
Finland,FIN,1991,58.92604
Finland,FIN,1992,64.86032
Finland,FIN,1993,69.12553
Finland,FIN,1994,67.58861
Finland,FIN,1995,65.295
Finland,FIN,1996,64.17372
Finland,FIN,1997,60.6659
Finland,FIN,1998,56.37949
Finland,FIN,1999,54.64388
Finland,FIN,2000,51.05488
Finland,FIN,2001,50.45162
Finland,FIN,2002,50.91052
Finland,FIN,2003,52.00198
Finland,FIN,2004,51.76535
Finland,FIN,2005,51.8227
Finland,FIN,2006,50.5456
Finland,FIN,2007,48.68212
Finland,FIN,2008,50.53355
Finland,FIN,2009,56.97453
Finland,FIN,2010,56.49507
Finland,FIN,2011,54.862534
France,FRA,1990,52.2363
France,FRA,1991,53.47425
France,FRA,1992,54.96788
France,FRA,1993,58.30627
France,FRA,1994,57.38131
France,FRA,1995,57.82695
France,FRA,1996,58.07357
France,FRA,1997,57.63285
France,FRA,1998,56.06974
France,FRA,1999,55.59106
France,FRA,2000,54.56844
France,FRA,2001,54.68121
France,FRA,2002,55.82669
France,FRA,2003,56.22148
France,FRA,2004,56.02873
France,FRA,2005,56.27096
France,FRA,2006,55.57141
France,FRA,2007,55.31333
France,FRA,2008,56.20906
France,FRA,2009,59.17557
France,FRA,2010,59.06962
France,FRA,2011,58.48595
Gabon,GAB,1990,29.11645981
Gabon,GAB,1991,32.17916249
Gabon,GAB,1992,34.01684308
Gabon,GAB,1993,34.9954933
Gabon,GAB,1994,31.61881403
Gabon,GAB,1995,34.61331565
Gabon,GAB,1996,29.5400852
Gabon,GAB,1997,37.24025992
Gabon,GAB,1998,55.09658498
Gabon,GAB,1999,33.38721712
Gabon,GAB,2000,27.01464125
Gabon,GAB,2001,37.76428889
Gabon,GAB,2002,31.54344446
Gabon,GAB,2003,26.34359478
Gabon,GAB,2004,26.29565563
Gabon,GAB,2005,25.28322082
Gabon,GAB,2006,24.82409227
Gabon,GAB,2007,21.23592137
Gabon,GAB,2008,20.28408447
Gabon,GAB,2009,24.18253702
Gabon,GAB,2010,24.14866064
Gabon,GAB,2011,25.58873211
Gambia,GMB,2000,19.03437815
Gambia,GMB,2001,19.19441161
Gambia,GMB,2002,21.23593472
Gambia,GMB,2003,20.20062395
Gambia,GMB,2004,26.68018192
Gambia,GMB,2005,28.0380887
Gambia,GMB,2006,27.5743797
Gambia,GMB,2007,22.03394335
Gambia,GMB,2008,22.19085135
Gambia,GMB,2009,26.20022411
Gambia,GMB,2010,27.12634081
Gambia,GMB,2011,29.61859907
Georgia,GEO,2000,20.30420162
Georgia,GEO,2001,19.13125606
Georgia,GEO,2002,18.40359113
Georgia,GEO,2003,18.50322637
Georgia,GEO,2004,20.81627638
Georgia,GEO,2005,23.24850818
Georgia,GEO,2006,24.04425328
Georgia,GEO,2007,29.00067584
Georgia,GEO,2008,33.29776765
Georgia,GEO,2009,36.76475896
Georgia,GEO,2010,34.05329972
Georgia,GEO,2011,30.27121287
Germany,DEU,1990,47.42413
Germany,DEU,1991,48.93719
Germany,DEU,1992,50.31732
Germany,DEU,1993,51.34832
Germany,DEU,1994,50.99767
Germany,DEU,1995,58.36138
Germany,DEU,1996,52.5493
Germany,DEU,1997,51.61664
Germany,DEU,1998,51.37578
Germany,DEU,1999,51.38738
Germany,DEU,2000,48.297
Germany,DEU,2001,50.70411
Germany,DEU,2002,50.91081
Germany,DEU,2003,51.4789
Germany,DEU,2004,49.94896
Germany,DEU,2005,49.75141
Germany,DEU,2006,48.20568
Germany,DEU,2007,46.33598
Germany,DEU,2008,46.80775
Germany,DEU,2009,50.78624
Germany,DEU,2010,50.37268
Germany,DEU,2011,47.05467
Ghana,GHA,1990,12.79417
Ghana,GHA,1991,12.38876
Ghana,GHA,1992,15.68451
Ghana,GHA,1993,22.12253
Ghana,GHA,1994,24.78263
Ghana,GHA,1995,27.48227
Ghana,GHA,1996,26.38305
Ghana,GHA,1997,23.26988
Ghana,GHA,1998,22.69587
Ghana,GHA,1999,20.21153
Ghana,GHA,2000,25.16912
Ghana,GHA,2001,27.41353
Ghana,GHA,2002,20.05558
Ghana,GHA,2003,24.58568
Ghana,GHA,2004,23.19508
Ghana,GHA,2005,21.77065
Ghana,GHA,2006,23.87432
Ghana,GHA,2007,24.98532
Ghana,GHA,2008,26.76112
Ghana,GHA,2009,25.16707
Ghana,GHA,2010,27.22367
Ghana,GHA,2011,26.32325
Greece,GRC,1990,54.2254
Greece,GRC,1991,50.73702
Greece,GRC,1992,54.8978
Greece,GRC,1993,58.1873
Greece,GRC,1994,57.5062
Greece,GRC,1995,57.5003
Greece,GRC,1996,55.0761
Greece,GRC,1997,54.65464
Greece,GRC,1998,52.95714
Greece,GRC,1999,52.27032
Greece,GRC,2000,54.56091
Greece,GRC,2001,52.22326
Greece,GRC,2002,51.13314
Greece,GRC,2003,50.174
Greece,GRC,2004,50.83198
Greece,GRC,2005,49.26404
Greece,GRC,2006,49.88877
Greece,GRC,2007,52.40806
Greece,GRC,2008,55.72174
Greece,GRC,2009,58.94911
Greece,GRC,2010,56.05274
Greece,GRC,2011,56.89827
Guinea,GIN,1990,28.74577436
Guinea,GIN,1991,25.00765784
Guinea,GIN,1992,20.94171886
Guinea,GIN,1993,19.82334912
Guinea,GIN,1994,19.15704524
Guinea,GIN,1995,19.10060529
Guinea,GIN,1996,17.79829683
Guinea,GIN,1997,19.15452483
Guinea,GIN,1998,16.2152119
Guinea,GIN,1999,17.66098956
Guinea,GIN,2000,18.07650141
Guinea,GIN,2001,20.32968541
Guinea,GIN,2002,19.91416573
Guinea,GIN,2003,22.62786951
Guinea,GIN,2004,20.70529944
Guinea,GIN,2005,19.96549137
Guinea,GIN,2006,22.57727422
Guinea,GIN,2007,17.16831028
Guinea,GIN,2008,20.10422873
Guinea,GIN,2009,25.757222
Guinea,GIN,2010,31.69778699
Guinea,GIN,2011,23.44649825
Guinea-Bissau,GNB,2000,29.87707522
Guinea-Bissau,GNB,2001,26.62099295
Guinea-Bissau,GNB,2002,20.16123128
Guinea-Bissau,GNB,2003,22.82314355
Guinea-Bissau,GNB,2004,29.11151915
Guinea-Bissau,GNB,2005,25.66244788
Guinea-Bissau,GNB,2006,23.03826638
Guinea-Bissau,GNB,2007,27.41484384
Guinea-Bissau,GNB,2008,28.00019019
Guinea-Bissau,GNB,2009,24.4216815
Guinea-Bissau,GNB,2010,22.69927557
Guinea-Bissau,GNB,2011,21.26292672
Haiti,HTI,1997,9.28733
Haiti,HTI,1998,9.13062
Haiti,HTI,1999,9.59036
Haiti,HTI,2000,10.884156
Haiti,HTI,2001,11.079383
Haiti,HTI,2002,12.193041
Haiti,HTI,2003,13.465324
Haiti,HTI,2004,11.579659
Haiti,HTI,2005,16.14394
Haiti,HTI,2006,15.699269
Haiti,HTI,2007,16.66352
Haiti,HTI,2008,18.644057
Haiti,HTI,2009,23.149593
Haiti,HTI,2010,28.139166
Haiti,HTI,2011,33.955957
Honduras,HND,1990,20.77267
Honduras,HND,1991,20.53096
Honduras,HND,1992,20.49604
Honduras,HND,1993,19.93826
Honduras,HND,1994,21.55769
Honduras,HND,1995,21.20063
Honduras,HND,1996,20.70282
Honduras,HND,1997,20.90214
Honduras,HND,1998,24.04497
Honduras,HND,1999,27.62857
Honduras,HND,2000,25.79569
Honduras,HND,2001,28.52764
Honduras,HND,2002,27.7758
Honduras,HND,2003,29.78136
Honduras,HND,2004,28.2933
Honduras,HND,2005,27.11365
Honduras,HND,2006,27.17428
Honduras,HND,2007,26.803794
Honduras,HND,2008,28.854064
Honduras,HND,2009,30.438213
Honduras,HND,2010,28.642373
Honduras,HND,2011,26.557385
Hong Kong,HKG,1990,14.2843
Hong Kong,HKG,1991,13.3548
Hong Kong,HKG,1992,14.0771
Hong Kong,HKG,1993,15.8837
Hong Kong,HKG,1994,15.6758
Hong Kong,HKG,1995,16.4196
Hong Kong,HKG,1996,14.8599
Hong Kong,HKG,1997,14.2386
Hong Kong,HKG,1998,18.515
Hong Kong,HKG,1999,17.6086
Hong Kong,HKG,2000,17.6749
Hong Kong,HKG,2001,18.3873
Hong Kong,HKG,2002,18.725
Hong Kong,HKG,2003,20.0416
Hong Kong,HKG,2004,18.75
Hong Kong,HKG,2005,16.889452
Hong Kong,HKG,2006,15.434449
Hong Kong,HKG,2007,14.586622
Hong Kong,HKG,2008,18.837799
Hong Kong,HKG,2009,18.077693
Hong Kong,HKG,2010,17.317984
Hong Kong,HKG,2011,20.461962
Hungary,HUN,1990,5.43005
Hungary,HUN,1991,5.85878
Hungary,HUN,1992,5.60345
Hungary,HUN,1993,4.54712
Hungary,HUN,1994,6.77667
Hungary,HUN,1995,64.71916
Hungary,HUN,1996,60.5389
Hungary,HUN,1997,58.52363
Hungary,HUN,1998,58.33793
Hungary,HUN,1999,56.00639
Hungary,HUN,2000,53.12618
Hungary,HUN,2001,52.60909
Hungary,HUN,2002,55.58211
Hungary,HUN,2003,53.46347
Hungary,HUN,2004,53.06927
Hungary,HUN,2005,54.26377
Hungary,HUN,2006,56.07501
Hungary,HUN,2007,54.77571
Hungary,HUN,2008,53.34053
Hungary,HUN,2009,55.99396
Hungary,HUN,2010,53.61106
Hungary,HUN,2011,52.31766
Iceland,ISL,1990,46.85559
Iceland,ISL,1991,47.06759
Iceland,ISL,1992,48.78682
Iceland,ISL,1993,49.2003
Iceland,ISL,1994,49.17261
Iceland,ISL,1995,48.84732
Iceland,ISL,1996,47.92839
Iceland,ISL,1997,46.10941
Iceland,ISL,1998,46.78538
Iceland,ISL,1999,47.3165
Iceland,ISL,2000,47.10864
Iceland,ISL,2001,47.72602
Iceland,ISL,2002,48.98005
Iceland,ISL,2003,50.19969
Iceland,ISL,2004,48.30659
Iceland,ISL,2005,44.40477
Iceland,ISL,2006,43.79825
Iceland,ISL,2007,44.86263
Iceland,ISL,2008,47.94153
Iceland,ISL,2009,54.89168
Iceland,ISL,2010,52.79968
Iceland,ISL,2011,49.88447
India,IND,1990,31.44907
India,IND,1991,30.96191
India,IND,1992,30.274
India,IND,1993,29.89417
India,IND,1994,30.07141
India,IND,1995,29.15056
India,IND,1996,29.32817
India,IND,1997,29.23329
India,IND,1998,29.9329
India,IND,1999,31.52103
India,IND,2000,32.6199
India,IND,2001,33.38921
India,IND,2002,33.94392
India,IND,2003,33.98156
India,IND,2004,32.51294
India,IND,2005,31.41771
India,IND,2006,31.11237
India,IND,2007,31.25603
India,IND,2008,32.58567
India,IND,2009,34.11551
India,IND,2010,31.8943
India,IND,2011,31.68571
Indonesia,IDN,1990,18.3458
Indonesia,IDN,1991,17.35015
Indonesia,IDN,1992,19.06415
Indonesia,IDN,1993,17.09968
Indonesia,IDN,1994,16.28946
Indonesia,IDN,1995,14.33647
Indonesia,IDN,1996,13.7012
Indonesia,IDN,1997,18.29799
Indonesia,IDN,1998,19.5339
Indonesia,IDN,1999,20.0778
Indonesia,IDN,2000,20.24781
Indonesia,IDN,2001,27.76352
Indonesia,IDN,2002,23.6721
Indonesia,IDN,2003,23.27497
Indonesia,IDN,2004,22.64718
Indonesia,IDN,2005,21.19127
Indonesia,IDN,2006,22.48628
Indonesia,IDN,2007,22.33806
Indonesia,IDN,2008,23.07003
Indonesia,IDN,2009,19.93443
Indonesia,IDN,2010,19.64407
Indonesia,IDN,2011,19.83875
Iran,IRN,1990,24.5568
Iran,IRN,1991,19.0673
Iran,IRN,1992,22.02131
Iran,IRN,1993,35.7171
Iran,IRN,1994,30.0296
Iran,IRN,1995,28.75898
Iran,IRN,1996,27.73413
Iran,IRN,1997,25.30358
Iran,IRN,1998,22.5401
Iran,IRN,1999,25.79962
Iran,IRN,2000,28.9455
Iran,IRN,2001,18.7189
Iran,IRN,2002,22.595352
Iran,IRN,2003,22.989243
Iran,IRN,2004,21.354135
Iran,IRN,2005,26.768798
Iran,IRN,2006,27.867028
Iran,IRN,2007,21.790298
Iran,IRN,2008,24.701891
Iran,IRN,2009,22.651546
Iran,IRN,2010,21.85853
Iran,IRN,2011,25.001489
Iraq,IRQ,2004,92.14407446
Iraq,IRQ,2005,63.3216526
Iraq,IRQ,2006,50.78737779
Iraq,IRQ,2007,46.6788444
Iraq,IRQ,2008,57.5680056
Iraq,IRQ,2009,59.17315274
Iraq,IRQ,2010,51.1986991
Iraq,IRQ,2011,45.35017773
Ireland,IRL,1990,50.5888
Ireland,IRL,1991,51.96535
Ireland,IRL,1992,51.86678
Ireland,IRL,1993,51.22167
Ireland,IRL,1994,49.93642
Ireland,IRL,1995,46.65269
Ireland,IRL,1996,43.85743
Ireland,IRL,1997,40.6236
Ireland,IRL,1998,37.73414
Ireland,IRL,1999,36.29928
Ireland,IRL,2000,33.15653
Ireland,IRL,2001,34.49049
Ireland,IRL,2002,34.68923
Ireland,IRL,2003,34.36582
Ireland,IRL,2004,34.61402
Ireland,IRL,2005,34.80589
Ireland,IRL,2006,35.29129
Ireland,IRL,2007,37.68241
Ireland,IRL,2008,44.16862
Ireland,IRL,2009,50.94405
Ireland,IRL,2010,69.95995
Ireland,IRL,2011,49.97858
Israel,ISR,1990,54.32098
Israel,ISR,1991,44.35738
Israel,ISR,1992,49.45407
Israel,ISR,1993,46.93565
Israel,ISR,1994,47.37458
Israel,ISR,1995,59.20087
Israel,ISR,1996,58.9611
Israel,ISR,1997,58.61876
Israel,ISR,1998,64.40104
Israel,ISR,1999,62.47265
Israel,ISR,2000,59.87343
Israel,ISR,2001,61.85975
Israel,ISR,2002,63.96964
Israel,ISR,2003,62.66515
Israel,ISR,2004,58.88044
Israel,ISR,2005,57.23292
Israel,ISR,2006,54.18186
Israel,ISR,2007,52.30432
Israel,ISR,2008,51.40579
Israel,ISR,2009,50.71478
Israel,ISR,2010,50.3437
Israel,ISR,2011,48.39927
Italy,ITA,1990,62.945
Italy,ITA,1991,65.2926
Italy,ITA,1992,67.5246
Italy,ITA,1993,68.9273
Italy,ITA,1994,64.8415
Italy,ITA,1995,64.0796
Italy,ITA,1996,63.972
Italy,ITA,1997,59.51678
Italy,ITA,1998,57.38657
Italy,ITA,1999,54.78561
Italy,ITA,2000,52.19633
Italy,ITA,2001,54.0012
Italy,ITA,2002,52.75534
Italy,ITA,2003,53.22301
Italy,ITA,2004,52.30118
Italy,ITA,2005,52.59016
Italy,ITA,2006,53.06065
Italy,ITA,2007,52.57716
Italy,ITA,2008,53.72652
Italy,ITA,2009,56.1497
Italy,ITA,2010,54.67111
Italy,ITA,2011,54.50299
Japan,JPN,1990,33.67103
Japan,JPN,1991,33.36748
Japan,JPN,1992,34.23893
Japan,JPN,1993,35.95248
Japan,JPN,1994,36.47247
Japan,JPN,1995,37.48116
Japan,JPN,1996,38.40288
Japan,JPN,1997,37.39363
Japan,JPN,1998,38.63027
Japan,JPN,1999,40.30119
Japan,JPN,2000,40.62384
Japan,JPN,2001,40.04385
Japan,JPN,2002,40.13904
Japan,JPN,2003,39.50048
Japan,JPN,2004,36.73343
Japan,JPN,2005,36.62791
Japan,JPN,2006,37.14719
Japan,JPN,2007,35.87843
Japan,JPN,2008,38.3318
Japan,JPN,2009,42.67313
Japan,JPN,2010,42.45668
Japan,JPN,2011,41.222902
Jordan,JOR,1990,54.23925247
Jordan,JOR,1991,55.34820825
Jordan,JOR,1992,44.39930363
Jordan,JOR,1993,43.43324193
Jordan,JOR,1994,40.351867
Jordan,JOR,1995,41.37089744
Jordan,JOR,1996,41.70046678
Jordan,JOR,1997,39.1945632
Jordan,JOR,1998,40.50226731
Jordan,JOR,1999,38.6425223
Jordan,JOR,2000,39.06201735
Jordan,JOR,2001,37.64341419
Jordan,JOR,2002,37.33610891
Jordan,JOR,2003,40.50369308
Jordan,JOR,2004,40.55049394
Jordan,JOR,2005,41.82731028
Jordan,JOR,2006,39.33915783
Jordan,JOR,2007,39.99817056
Jordan,JOR,2008,36.7716648
Jordan,JOR,2009,37.28726329
Jordan,JOR,2010,32.54642357
Jordan,JOR,2011,35.3144039
Kazakhstan,KAZ,1995,0.443699468
Kazakhstan,KAZ,1996,0.466167538
Kazakhstan,KAZ,1997,0.562167334
Kazakhstan,KAZ,1998,0.806225479
Kazakhstan,KAZ,1999,0.96208383
Kazakhstan,KAZ,2000,1.362013924
Kazakhstan,KAZ,2001,1.159135757
Kazakhstan,KAZ,2002,21.56076454
Kazakhstan,KAZ,2003,22.11392259
Kazakhstan,KAZ,2004,22.56757898
Kazakhstan,KAZ,2005,22.53073931
Kazakhstan,KAZ,2006,20.05516484
Kazakhstan,KAZ,2007,24.36578856
Kazakhstan,KAZ,2008,27.08788864
Kazakhstan,KAZ,2009,23.87622273
Kazakhstan,KAZ,2010,22.90716173
Kazakhstan,KAZ,2011,22.79110755
Kenya,KEN,1990,27.32532207
Kenya,KEN,1991,26.59571499
Kenya,KEN,1992,30.29339196
Kenya,KEN,1993,34.14905688
Kenya,KEN,1994,32.52935912
Kenya,KEN,1995,28.76110805
Kenya,KEN,1996,28.12027746
Kenya,KEN,1997,26.96809619
Kenya,KEN,1998,26.15200923
Kenya,KEN,1999,24.076883
Kenya,KEN,2000,23.5686525
Kenya,KEN,2001,25.60926573
Kenya,KEN,2002,26.64597117
Kenya,KEN,2003,26.16942712
Kenya,KEN,2004,25.08000849
Kenya,KEN,2005,26.78852886
Kenya,KEN,2006,27.3044825
Kenya,KEN,2007,28.7432107
Kenya,KEN,2008,29.64490828
Kenya,KEN,2009,30.55177178
Kenya,KEN,2010,32.8799025
Kenya,KEN,2011,31.85596316
Kiribati,KIR,1990,103.1538504
Kiribati,KIR,1991,76.02118932
Kiribati,KIR,1992,86.30946012
Kiribati,KIR,1993,70.76089583
Kiribati,KIR,1994,67.2932231
Kiribati,KIR,1995,87.18493288
Kiribati,KIR,1996,84.88827457
Kiribati,KIR,1997,85.42468379
Kiribati,KIR,1998,83.41901551
Kiribati,KIR,1999,85.17023625
Kiribati,KIR,2000,75.1505544
Kiribati,KIR,2001,104.6675429
Kiribati,KIR,2002,100.9667715
Kiribati,KIR,2003,89.24943507
Kiribati,KIR,2004,107.4237747
Kiribati,KIR,2005,103.4486121
Kiribati,KIR,2006,88.62228747
Kiribati,KIR,2007,86.25967996
Kiribati,KIR,2008,89.46094125
Kiribati,KIR,2009,87.57176072
Kiribati,KIR,2010,90.61665046
Kiribati,KIR,2011,91.93608616
Kuwait,KWT,1990,94.80570916
Kuwait,KWT,1991,207.987781
Kuwait,KWT,1992,96.64689575
Kuwait,KWT,1993,69.27866516
Kuwait,KWT,1994,65.9079967
Kuwait,KWT,1995,60.64157716
Kuwait,KWT,1996,48.93906262
Kuwait,KWT,1997,47.15865156
Kuwait,KWT,1998,55.63556064
Kuwait,KWT,1999,47.80603313
Kuwait,KWT,2000,38.63425321
Kuwait,KWT,2001,45.01847233
Kuwait,KWT,2002,43.13164439
Kuwait,KWT,2003,37.69318709
Kuwait,KWT,2004,34.64527108
Kuwait,KWT,2005,28.50196861
Kuwait,KWT,2006,32.32061962
Kuwait,KWT,2007,30.5311467
Kuwait,KWT,2008,40.67048988
Kuwait,KWT,2009,42.4143008
Kuwait,KWT,2010,43.29388808
Kuwait,KWT,2011,38.56994152
Kyrgyzstan,KGZ,2000,31.40065792
Kyrgyzstan,KGZ,2001,28.78065189
Kyrgyzstan,KGZ,2002,30.30227328
Kyrgyzstan,KGZ,2003,29.17537671
Kyrgyzstan,KGZ,2004,29.52485445
Kyrgyzstan,KGZ,2005,30.05714735
Kyrgyzstan,KGZ,2006,30.00995288
Kyrgyzstan,KGZ,2007,31.61319612
Kyrgyzstan,KGZ,2008,29.69085556
Kyrgyzstan,KGZ,2009,34.21416167
Kyrgyzstan,KGZ,2010,37.20428244
Kyrgyzstan,KGZ,2011,37.37230975
Laos,LAO,2000,22.78825179
Laos,LAO,2001,24.78267207
Laos,LAO,2002,18.97418936
Laos,LAO,2003,21.05023645
Laos,LAO,2004,16.7766947
Laos,LAO,2005,18.46267258
Laos,LAO,2006,18.49196693
Laos,LAO,2007,18.73672472
Laos,LAO,2008,19.38302544
Laos,LAO,2009,24.64534724
Laos,LAO,2010,23.39707748
Laos,LAO,2011,21.7003218
Latvia,LVA,1998,39.09053413
Latvia,LVA,1999,41.07080079
Latvia,LVA,2000,37.96149474
Latvia,LVA,2001,35.82044781
Latvia,LVA,2002,36.27514854
Latvia,LVA,2003,35.53797752
Latvia,LVA,2004,35.98516559
Latvia,LVA,2005,37.41343305
Latvia,LVA,2006,37.26825799
Latvia,LVA,2007,36.05198171
Latvia,LVA,2008,43.54743152
Latvia,LVA,2009,45.22542222
Latvia,LVA,2010,44.75518111
Latvia,LVA,2011,40.21468676
Lebanon,LBN,2000,58.41812147
Lebanon,LBN,2001,54.66357666
Lebanon,LBN,2002,52.66537657
Lebanon,LBN,2003,52.54056002
Lebanon,LBN,2004,44.98595931
Lebanon,LBN,2005,42.04511988
Lebanon,LBN,2006,48.95760828
Lebanon,LBN,2007,47.58111031
Lebanon,LBN,2008,44.7987316
Lebanon,LBN,2009,43.88726057
Lebanon,LBN,2010,41.15717767
Lebanon,LBN,2011,39.25997436
Lesotho,LSO,1990,47.60425445
Lesotho,LSO,1991,45.02090102
Lesotho,LSO,1992,41.42902269
Lesotho,LSO,1993,41.11707386
Lesotho,LSO,1994,41.06857032
Lesotho,LSO,1995,42.19216769
Lesotho,LSO,1996,44.46657487
Lesotho,LSO,1997,46.26310401
Lesotho,LSO,1998,45.59490458
Lesotho,LSO,1999,54.44402232
Lesotho,LSO,2000,47.75997615
Lesotho,LSO,2001,50.6493869
Lesotho,LSO,2002,52.27425437
Lesotho,LSO,2003,50.72529501
Lesotho,LSO,2004,47.45496587
Lesotho,LSO,2005,51.30762034
Lesotho,LSO,2006,54.85790125
Lesotho,LSO,2007,54.6126122
Lesotho,LSO,2008,59.03056436
Lesotho,LSO,2009,68.47413585
Lesotho,LSO,2010,58.32838175
Lesotho,LSO,2011,63.85051645
Liberia,LBR,2000,15.28114158
Liberia,LBR,2001,12.64020852
Liberia,LBR,2002,13.51849851
Liberia,LBR,2003,10.07901132
Liberia,LBR,2004,12.38311078
Liberia,LBR,2005,11.75691239
Liberia,LBR,2006,10.67154122
Liberia,LBR,2007,15.92992973
Liberia,LBR,2008,29.47635991
Liberia,LBR,2009,33.59538757
Liberia,LBR,2010,33.59031581
Liberia,LBR,2011,31.6146105
Libya,LBY,1990,34.48476609
Libya,LBY,1991,29.84742731
Libya,LBY,1992,27.84506851
Libya,LBY,1993,32.35835681
Libya,LBY,1994,30.54297445
Libya,LBY,1995,29.57261927
Libya,LBY,1996,32.69687419
Libya,LBY,1997,36.30487127
Libya,LBY,1998,34.78960891
Libya,LBY,1999,28.55814224
Libya,LBY,2000,28.20109325
Libya,LBY,2001,39.30836484
Libya,LBY,2002,42.44379426
Libya,LBY,2003,43.79645518
Libya,LBY,2004,42.68055053
Libya,LBY,2005,29.77552686
Libya,LBY,2006,31.86593611
Libya,LBY,2007,35.4631498
Libya,LBY,2008,41.86886101
Libya,LBY,2009,54.92211092
Libya,LBY,2010,54.71908693
Libya,LBY,2011,66.58626921
Lithuania,LTU,2000,37.71641042
Lithuania,LTU,2001,36.76163034
Lithuania,LTU,2002,34.64534339
Lithuania,LTU,2003,33.51334141
Lithuania,LTU,2004,34.17634682
Lithuania,LTU,2005,34.30681364
Lithuania,LTU,2006,34.43924331
Lithuania,LTU,2007,35.51340393
Lithuania,LTU,2008,38.01263873
Lithuania,LTU,2009,45.17930445
Lithuania,LTU,2010,43.88489655
Lithuania,LTU,2011,40.26541671
Madagascar,MDG,1990,20.62953517
Madagascar,MDG,1991,20.42901319
Madagascar,MDG,1992,25.92603085
Madagascar,MDG,1993,27.11857871
Madagascar,MDG,1994,27.56751822
Madagascar,MDG,1995,24.87404647
Madagascar,MDG,1996,24.62810877
Madagascar,MDG,1997,22.5500161
Madagascar,MDG,1998,25.10702703
Madagascar,MDG,1999,22.08187335
Madagascar,MDG,2000,22.6597379
Madagascar,MDG,2001,21.11255608
Madagascar,MDG,2002,17.83307952
Madagascar,MDG,2003,21.86841842
Madagascar,MDG,2004,28.2300213
Madagascar,MDG,2005,24.06840568
Madagascar,MDG,2006,23.91743813
Madagascar,MDG,2007,19.80397405
Madagascar,MDG,2008,19.43698506
Madagascar,MDG,2009,16.11653604
Madagascar,MDG,2010,14.64130741
Madagascar,MDG,2011,16.72470907
Malawi,MWI,2002,31.05635061
Malawi,MWI,2003,37.69896498
Malawi,MWI,2004,41.55086572
Malawi,MWI,2005,40.61993906
Malawi,MWI,2006,41.3281595
Malawi,MWI,2007,41.46945274
Malawi,MWI,2008,41.58910269
Malawi,MWI,2009,40.58988952
Malawi,MWI,2010,40.34935803
Malawi,MWI,2011,38.30150102
Malaysia,MYS,1990,41.95264482
Malaysia,MYS,1991,37.64005861
Malaysia,MYS,1992,38.22528089
Malaysia,MYS,1993,33.17053057
Malaysia,MYS,1994,30.90421668
Malaysia,MYS,1995,29.30597662
Malaysia,MYS,1996,28.63711087
Malaysia,MYS,1997,26.64301262
Malaysia,MYS,1998,27.63502222
Malaysia,MYS,1999,29.48959359
Malaysia,MYS,2000,30.46195654
Malaysia,MYS,2001,33.47261032
Malaysia,MYS,2002,32.08699545
Malaysia,MYS,2003,33.08978422
Malaysia,MYS,2004,30.49512959
Malaysia,MYS,2005,27.86956124
Malaysia,MYS,2006,28.9309392
Malaysia,MYS,2007,29.11215715
Malaysia,MYS,2008,29.91947117
Malaysia,MYS,2009,34.42721543
Malaysia,MYS,2010,29.93749521
Malaysia,MYS,2011,30.65710241
Maldives,MDV,1990,33.89480249
Maldives,MDV,1991,38.49965392
Maldives,MDV,1992,36.75798608
Maldives,MDV,1993,35.546544
Maldives,MDV,1994,31.91681654
Maldives,MDV,1995,32.72009807
Maldives,MDV,1996,28.58247434
Maldives,MDV,1997,26.35717767
Maldives,MDV,1998,26.90304973
Maldives,MDV,1999,29.13243703
Maldives,MDV,2000,30.17392521
Maldives,MDV,2001,30.83521208
Maldives,MDV,2002,30.86360567
Maldives,MDV,2003,30.32577053
Maldives,MDV,2004,28.30527802
Maldives,MDV,2005,46.40628554
Maldives,MDV,2006,43.25006916
Maldives,MDV,2007,43.18315558
Maldives,MDV,2008,43.69611232
Maldives,MDV,2009,46.08951807
Maldives,MDV,2010,42.54938554
Maldives,MDV,2011,45.59444801
Mali,MLI,2000,22.41955799
Mali,MLI,2001,21.72386881
Mali,MLI,2002,25.14718888
Mali,MLI,2003,23.95605926
Mali,MLI,2004,24.43132919
Mali,MLI,2005,25.25739104
Mali,MLI,2006,25.35715824
Mali,MLI,2007,24.90362237
Mali,MLI,2008,21.52790346
Mali,MLI,2009,26.30562332
Mali,MLI,2010,23.21790938
Mali,MLI,2011,25.30659926
Mauritania,MRT,1990,2.17749756
Mauritania,MRT,1991,2.106754443
Mauritania,MRT,1992,2.463872125
Mauritania,MRT,1993,3.092697708
Mauritania,MRT,1994,1.451268346
Mauritania,MRT,1995,2.110963356
Mauritania,MRT,1996,2.190383066
Mauritania,MRT,1997,2.121284931
Mauritania,MRT,1998,2.497837525
Mauritania,MRT,1999,2.553022678
Mauritania,MRT,2000,3.010144031
Mauritania,MRT,2001,2.672089344
Mauritania,MRT,2002,2.456724735
Mauritania,MRT,2003,2.736357256
Mauritania,MRT,2004,3.000791803
Mauritania,MRT,2005,3.263681505
Mauritania,MRT,2006,1.867320353
Mauritania,MRT,2007,31.46258068
Mauritania,MRT,2008,32.60464231
Mauritania,MRT,2009,33.02436504
Mauritania,MRT,2010,29.84613679
Mauritania,MRT,2011,29.95406875
Mauritius,MUS,2000,27.35970529
Mauritius,MUS,2001,27.44585505
Mauritius,MUS,2002,28.40594298
Mauritius,MUS,2003,28.80394314
Mauritius,MUS,2004,27.67165437
Mauritius,MUS,2005,28.16223629
Mauritius,MUS,2006,27.25431538
Mauritius,MUS,2007,26.82782739
Mauritius,MUS,2008,27.73066625
Mauritius,MUS,2009,30.11655581
Mauritius,MUS,2010,28.54919979
Mauritius,MUS,2011,27.63561388
Mexico,MEX,1990,26.41057
Mexico,MEX,1991,19.44956
Mexico,MEX,1992,17.35746
Mexico,MEX,1993,15.11836
Mexico,MEX,1994,14.8784
Mexico,MEX,1995,17.87361
Mexico,MEX,1996,31.90694
Mexico,MEX,1997,32.09935
Mexico,MEX,1998,28.96154
Mexico,MEX,1999,29.39429
Mexico,MEX,2000,25.38345
Mexico,MEX,2001,25.65149
Mexico,MEX,2002,26.69453
Mexico,MEX,2003,25.93156
Mexico,MEX,2004,23.56399
Mexico,MEX,2005,25.12631
Mexico,MEX,2006,25.18728
Mexico,MEX,2007,25.1036
Mexico,MEX,2008,26.77291
Mexico,MEX,2009,29.63048
Mexico,MEX,2010,28.64312
Mexico,MEX,2011,27.97363
Moldova,MDA,1995,47.21991551
Moldova,MDA,1996,45.06004194
Moldova,MDA,1997,51.20473317
Moldova,MDA,1998,47.25915449
Moldova,MDA,1999,43.75266951
Moldova,MDA,2000,40.88639201
Moldova,MDA,2001,33.59998425
Moldova,MDA,2002,32.54987764
Moldova,MDA,2003,35.41619899
Moldova,MDA,2004,36.53840486
Moldova,MDA,2005,38.26525849
Moldova,MDA,2006,41.03976552
Moldova,MDA,2007,43.14109129
Moldova,MDA,2008,42.71923075
Moldova,MDA,2009,46.64205177
Moldova,MDA,2010,41.57168109
Moldova,MDA,2011,39.80546212
Mongolia,MNG,1990,53.65484641
Mongolia,MNG,1991,49.29941454
Mongolia,MNG,1992,30.5574896
Mongolia,MNG,1993,37.33352473
Mongolia,MNG,1994,30.49647078
Mongolia,MNG,1995,26.87289227
Mongolia,MNG,1996,29.15067647
Mongolia,MNG,1997,33.10208207
Mongolia,MNG,1998,37.36176655
Mongolia,MNG,1999,35.33947268
Mongolia,MNG,2000,36.01456551
Mongolia,MNG,2001,36.37129633
Mongolia,MNG,2002,36.7638045
Mongolia,MNG,2003,34.62867073
Mongolia,MNG,2004,32.8521152
Mongolia,MNG,2005,25.8196378
Mongolia,MNG,2006,26.641603
Mongolia,MNG,2007,35.67485101
Mongolia,MNG,2008,37.9329884
Mongolia,MNG,2009,35.90322489
Mongolia,MNG,2010,37.11463778
Mongolia,MNG,2011,45.40481814
Montenegro,MNE,2002,37.93677179
Montenegro,MNE,2003,43.52848842
Montenegro,MNE,2004,41.38547996
Montenegro,MNE,2005,39.33011246
Montenegro,MNE,2006,42.89145069
Montenegro,MNE,2007,43.90800193
Montenegro,MNE,2008,52.38962506
Montenegro,MNE,2009,48.67959373
Montenegro,MNE,2010,46.90003244
Montenegro,MNE,2011,45.22511571
Morocco,MAR,1990,34.774117
Morocco,MAR,1991,31.59662222
Morocco,MAR,1992,34.14053083
Morocco,MAR,1993,35.44684881
Morocco,MAR,1994,33.26107495
Morocco,MAR,1995,33.19591625
Morocco,MAR,1996,27.83637612
Morocco,MAR,1997,28.97611503
Morocco,MAR,1998,25.83767837
Morocco,MAR,1999,25.41454787
Morocco,MAR,2000,30.60541453
Morocco,MAR,2001,31.22837135
Morocco,MAR,2002,33.0612874
Morocco,MAR,2003,30.89188778
Morocco,MAR,2004,31.21854282
Morocco,MAR,2005,35.76369128
Morocco,MAR,2006,32.61687893
Morocco,MAR,2007,33.17632394
Morocco,MAR,2008,34.47254818
Morocco,MAR,2009,33.46813558
Morocco,MAR,2010,34.20617228
Morocco,MAR,2011,36.85342098
Mozambique,MOZ,1990,22.32323075
Mozambique,MOZ,1991,25.47113639
Mozambique,MOZ,1992,31.59538282
Mozambique,MOZ,1993,31.27731673
Mozambique,MOZ,1994,31.89375476
Mozambique,MOZ,1995,26.72354835
Mozambique,MOZ,1996,19.7906822
Mozambique,MOZ,1997,22.37027201
Mozambique,MOZ,1998,20.08516738
Mozambique,MOZ,1999,22.18556561
Mozambique,MOZ,2000,23.82523579
Mozambique,MOZ,2001,29.36076902
Mozambique,MOZ,2002,27.64936657
Mozambique,MOZ,2003,27.441052
Mozambique,MOZ,2004,25.77675294
Mozambique,MOZ,2005,23.71797117
Mozambique,MOZ,2006,27.75663127
Mozambique,MOZ,2007,28.76205719
Mozambique,MOZ,2008,28.33714755
Mozambique,MOZ,2009,33.07995543
Mozambique,MOZ,2010,34.24927044
Mozambique,MOZ,2011,35.34428315
Myanmar,MMR,1998,26.07232311
Myanmar,MMR,1999,23.0795073
Myanmar,MMR,2000,24.1390306
Myanmar,MMR,2001,19.72961883
Myanmar,MMR,2002,15.93321547
Myanmar,MMR,2003,16.8415663
Myanmar,MMR,2004,17.08433891
Myanmar,MMR,2005,17.50875841
Myanmar,MMR,2006,19.57619637
Myanmar,MMR,2007,18.52777281
Myanmar,MMR,2008,16.09315206
Myanmar,MMR,2009,17.70089571
Myanmar,MMR,2010,19.43392106
Myanmar,MMR,2011,20.14819018
Namibia,NAM,1990,27.56736792
Namibia,NAM,1991,32.41067226
Namibia,NAM,1992,35.24400463
Namibia,NAM,1993,34.13583054
Namibia,NAM,1994,31.33712411
Namibia,NAM,1995,32.98535389
Namibia,NAM,1996,34.92276486
Namibia,NAM,1997,35.80866054
Namibia,NAM,1998,36.75657159
Namibia,NAM,1999,35.57481768
Namibia,NAM,2000,31.29505786
Namibia,NAM,2001,31.57917118
Namibia,NAM,2002,31.81574155
Namibia,NAM,2003,32.47548608
Namibia,NAM,2004,30.27573598
Namibia,NAM,2005,29.14003968
Namibia,NAM,2006,27.69932219
Namibia,NAM,2007,26.4296975
Namibia,NAM,2008,28.30457005
Namibia,NAM,2009,32.84063013
Namibia,NAM,2010,33.97613803
Namibia,NAM,2011,38.2070239
Nepal,NPL,2000,14.25160114
Nepal,NPL,2001,15.8074308
Nepal,NPL,2002,16.08887141
Nepal,NPL,2003,14.99135365
Nepal,NPL,2004,14.68232868
Nepal,NPL,2005,14.80912685
Nepal,NPL,2006,13.6897182
Nepal,NPL,2007,15.80692565
Nepal,NPL,2008,16.13497732
Nepal,NPL,2009,20.21889688
Nepal,NPL,2010,19.61430229
Nepal,NPL,2011,19.56251022
Netherlands,NLD,1990,60.70745
Netherlands,NLD,1991,60.94845
Netherlands,NLD,1992,61.90592
Netherlands,NLD,1993,61.79635
Netherlands,NLD,1994,59.0671
Netherlands,NLD,1995,62.07929
Netherlands,NLD,1996,54.73405
Netherlands,NLD,1997,52.47354
Netherlands,NLD,1998,51.34526
Netherlands,NLD,1999,50.29816
Netherlands,NLD,2000,47.82206
Netherlands,NLD,2001,48.52267
Netherlands,NLD,2002,49.01165
Netherlands,NLD,2003,49.69275
Netherlands,NLD,2004,48.57689
Netherlands,NLD,2005,47.14939
Netherlands,NLD,2006,47.74403
Netherlands,NLD,2007,47.4709
Netherlands,NLD,2008,48.44276
Netherlands,NLD,2009,53.72368
Netherlands,NLD,2010,53.10754
Netherlands,NLD,2011,51.53351
New Zealand,NZL,1990,44.23139
New Zealand,NZL,1991,47.36264
New Zealand,NZL,1992,47.46559
New Zealand,NZL,1993,42.34891
New Zealand,NZL,1994,38.75406
New Zealand,NZL,1995,37.4121
New Zealand,NZL,1996,35.44054
New Zealand,NZL,1997,34.39481
New Zealand,NZL,1998,34.86505
New Zealand,NZL,1999,33.84705
New Zealand,NZL,2000,32.83596
New Zealand,NZL,2001,31.82785
New Zealand,NZL,2002,31.27515
New Zealand,NZL,2003,31.11929
New Zealand,NZL,2004,30.46411
New Zealand,NZL,2005,31.28046
New Zealand,NZL,2006,32.56922
New Zealand,NZL,2007,32.38942
New Zealand,NZL,2008,34.17711
New Zealand,NZL,2009,35.70349
New Zealand,NZL,2010,36.50914
New Zealand,NZL,2011,35.45647
Nicaragua,NIC,1990,28.215628
Nicaragua,NIC,1991,17.97902
Nicaragua,NIC,1992,21.37989
Nicaragua,NIC,1993,22.40349
Nicaragua,NIC,1994,23.43373
Nicaragua,NIC,1995,22.70782
Nicaragua,NIC,1996,21.63998
Nicaragua,NIC,1997,23.63829
Nicaragua,NIC,1998,23.07581
Nicaragua,NIC,1999,26.49437
Nicaragua,NIC,2000,27.93607
Nicaragua,NIC,2001,29.35652
Nicaragua,NIC,2002,28.6509
Nicaragua,NIC,2003,30.1418
Nicaragua,NIC,2004,30.3321
Nicaragua,NIC,2005,32.80844
Nicaragua,NIC,2006,33.69122
Nicaragua,NIC,2007,33.61853
Nicaragua,NIC,2008,34.18095
Nicaragua,NIC,2009,35.90322
Nicaragua,NIC,2010,35.00904
Nicaragua,NIC,2011,35.57033
Niger,NER,1995,19.47237156
Niger,NER,1996,15.86510914
Niger,NER,1997,18.94062743
Niger,NER,1998,19.84593602
Niger,NER,1999,21.57326036
Niger,NER,2000,20.14776806
Niger,NER,2001,20.44259071
Niger,NER,2002,20.90605962
Niger,NER,2003,19.07898074
Niger,NER,2004,21.22542247
Niger,NER,2005,20.76039152
Niger,NER,2006,20.00516038
Niger,NER,2007,23.74016366
Niger,NER,2008,23.05226144
Niger,NER,2009,24.51087072
Niger,NER,2010,20.87311874
Niger,NER,2011,19.96558739
Nigeria,NGA,2000,42.11010306
Nigeria,NGA,2001,57.77753939
Nigeria,NGA,2002,33.8006014
Nigeria,NGA,2003,41.54848853
Nigeria,NGA,2004,29.25853726
Nigeria,NGA,2005,26.14492594
Nigeria,NGA,2006,24.37334555
Nigeria,NGA,2007,26.32003858
Nigeria,NGA,2008,26.70488399
Nigeria,NGA,2009,28.35586463
Nigeria,NGA,2010,27.71934426
Nigeria,NGA,2011,30.61039636
North Macedonia,MKD,1998,36.40588291
North Macedonia,MKD,1999,36.40621587
North Macedonia,MKD,2000,35.43962362
North Macedonia,MKD,2001,42.18687509
North Macedonia,MKD,2002,41.97434733
North Macedonia,MKD,2003,38.49873557
North Macedonia,MKD,2004,36.04529854
North Macedonia,MKD,2005,34.85082251
North Macedonia,MKD,2006,33.4715335
North Macedonia,MKD,2007,32.41383705
North Macedonia,MKD,2008,34.04820111
North Macedonia,MKD,2009,33.76339124
North Macedonia,MKD,2010,32.74964251
North Macedonia,MKD,2011,32.02562541
Norway,NOR,1990,56.8166
Norway,NOR,1991,57.72066
Norway,NOR,1992,58.99983
Norway,NOR,1993,57.89484
Norway,NOR,1994,56.79284
Norway,NOR,1995,53.71905
Norway,NOR,1996,50.96201
Norway,NOR,1997,48.89215
Norway,NOR,1998,51.12535
Norway,NOR,1999,49.46702
Norway,NOR,2000,43.81734
Norway,NOR,2001,45.93895
Norway,NOR,2002,48.86634
Norway,NOR,2003,49.982
Norway,NOR,2004,46.84087
Norway,NOR,2005,43.31972
Norway,NOR,2006,42.00054
Norway,NOR,2007,42.44458
Norway,NOR,2008,42.07069
Norway,NOR,2009,47.74079
Norway,NOR,2010,47.23349
Norway,NOR,2011,46.35321
Oman,OMN,1990,43.90509893
Oman,OMN,1991,44.51706109
Oman,OMN,1992,48.06909083
Oman,OMN,1993,48.00158208
Oman,OMN,1994,47.58616524
Oman,OMN,1995,46.01948333
Oman,OMN,1996,40.44364243
Oman,OMN,1997,38.52204615
Oman,OMN,1998,43.51089453
Oman,OMN,1999,40.88739388
Oman,OMN,2000,37.51828174
Oman,OMN,2001,40.21318023
Oman,OMN,2002,41.06948454
Oman,OMN,2003,39.87729989
Oman,OMN,2004,39.97933993
Oman,OMN,2005,35.75137382
Oman,OMN,2006,35.16567383
Oman,OMN,2007,35.89721308
Oman,OMN,2008,29.62154201
Oman,OMN,2009,38.60440793
Oman,OMN,2010,34.1792807
Oman,OMN,2011,38.42076702
Pakistan,PAK,1990,29.28619
Pakistan,PAK,1991,25.57905
Pakistan,PAK,1992,27.11229
Pakistan,PAK,1993,27.43958
Pakistan,PAK,1994,24.02776
Pakistan,PAK,1995,23.04567
Pakistan,PAK,1996,25.28881
Pakistan,PAK,1997,23.81078
Pakistan,PAK,1998,25.02584
Pakistan,PAK,1999,23.77563
Pakistan,PAK,2000,24.99681
Pakistan,PAK,2001,22.96543
Pakistan,PAK,2002,24.96224
Pakistan,PAK,2003,21.60038
Pakistan,PAK,2004,19.84205
Pakistan,PAK,2005,20.41199
Pakistan,PAK,2006,21.49929
Pakistan,PAK,2007,25.00634
Pakistan,PAK,2008,27.04973
Pakistan,PAK,2009,24.9065
Pakistan,PAK,2010,24.58728
Pakistan,PAK,2011,23.02741
Panama,PAN,1990,50.79952
Panama,PAN,1991,23.88962
Panama,PAN,1992,31.3023
Panama,PAN,1993,37.78484
Panama,PAN,1994,9.5643
Panama,PAN,1995,17.81338
Panama,PAN,1996,24.66635
Panama,PAN,1997,25.00278
Panama,PAN,1998,26.212
Panama,PAN,1999,27.80394
Panama,PAN,2000,28.20218
Panama,PAN,2001,28.97989
Panama,PAN,2002,28.90383
Panama,PAN,2003,29.81443
Panama,PAN,2004,28.72927
Panama,PAN,2005,27.94141
Panama,PAN,2006,28.01096
Panama,PAN,2007,26.76639
Panama,PAN,2008,27.59829
Panama,PAN,2009,28.4247
Panama,PAN,2010,29.20064
Panama,PAN,2011,29.29444
Papua New Guinea,PNG,1990,37.82500304
Papua New Guinea,PNG,1991,34.51767906
Papua New Guinea,PNG,1992,35.14186998
Papua New Guinea,PNG,1993,39.44595916
Papua New Guinea,PNG,1994,33.07916542
Papua New Guinea,PNG,1995,30.60427106
Papua New Guinea,PNG,1996,30.79771755
Papua New Guinea,PNG,1997,35.54805332
Papua New Guinea,PNG,1998,35.128013
Papua New Guinea,PNG,1999,37.46888499
Papua New Guinea,PNG,2000,35.87254542
Papua New Guinea,PNG,2001,37.26925226
Papua New Guinea,PNG,2002,34.95465319
Papua New Guinea,PNG,2003,33.99101613
Papua New Guinea,PNG,2004,33.26662037
Papua New Guinea,PNG,2005,34.65765544
Papua New Guinea,PNG,2006,32.49785459
Papua New Guinea,PNG,2007,30.2878615
Papua New Guinea,PNG,2008,31.84650845
Papua New Guinea,PNG,2009,38.90192606
Papua New Guinea,PNG,2010,29.52754036
Papua New Guinea,PNG,2011,29.98026446
Paraguay,PRY,1990,12.94787
Paraguay,PRY,1991,15.4974
Paraguay,PRY,1992,18.103642
Paraguay,PRY,1993,17.65634
Paraguay,PRY,1994,17.807413
Paraguay,PRY,1995,20.544882
Paraguay,PRY,1996,20.419291
Paraguay,PRY,1997,23.317327
Paraguay,PRY,1998,23.338647
Paraguay,PRY,1999,25.748716
Paraguay,PRY,2000,27.07811
Paraguay,PRY,2001,24.29061
Paraguay,PRY,2002,25.40471
Paraguay,PRY,2003,21.65827
Paraguay,PRY,2004,20.73539
Paraguay,PRY,2005,21.79224
Paraguay,PRY,2006,21.951231
Paraguay,PRY,2007,20.441757
Paraguay,PRY,2008,18.522614
Paraguay,PRY,2009,23.321992
Paraguay,PRY,2010,22.032646
Paraguay,PRY,2011,19.351189
Peru,PER,1990,26.55732
Peru,PER,1991,19.3694
Peru,PER,1992,23.239494
Peru,PER,1993,21.772346
Peru,PER,1994,19.392925
Peru,PER,1995,19.970352
Peru,PER,1996,18.02053
Peru,PER,1997,16.495898
Peru,PER,1998,17.7274
Peru,PER,1999,19.780312
Peru,PER,2000,22.95157
Peru,PER,2001,21.99925
Peru,PER,2002,20.77255
Peru,PER,2003,21.3019
Peru,PER,2004,20.5718
Peru,PER,2005,20.95428
Peru,PER,2006,20.00179
Peru,PER,2007,19.48441
Peru,PER,2008,20.45549
Peru,PER,2009,21.99795
Peru,PER,2010,21.54261
Peru,PER,2011,20.19237
Philippines,PHL,1990,23.97555
Philippines,PHL,1991,22.90361
Philippines,PHL,1992,23.08368
Philippines,PHL,1993,21.78557
Philippines,PHL,1994,24.08668
Philippines,PHL,1995,22.52708
Philippines,PHL,1996,22.42566
Philippines,PHL,1997,22.76398
Philippines,PHL,1998,22.84612
Philippines,PHL,1999,23.05749
Philippines,PHL,2000,23.21964
Philippines,PHL,2001,23.94445
Philippines,PHL,2002,23.60068
Philippines,PHL,2003,23.99343
Philippines,PHL,2004,23.12426
Philippines,PHL,2005,22.76109
Philippines,PHL,2006,22.01884
Philippines,PHL,2007,20.68863
Philippines,PHL,2008,20.07626
Philippines,PHL,2009,21.31643
Philippines,PHL,2010,20.222
Philippines,PHL,2011,20.69499
Poland,POL,1990,0.410516
Poland,POL,1991,1.60726
Poland,POL,1992,3.21895
Poland,POL,1993,3.40223
Poland,POL,1994,3.9094
Poland,POL,1995,53.45652
Poland,POL,1996,55.56983
Poland,POL,1997,50.97767
Poland,POL,1998,48.36096
Poland,POL,1999,45.67334
Poland,POL,2000,44.10517
Poland,POL,2001,46.92482
Poland,POL,2002,47.14598
Poland,POL,2003,47.64879
Poland,POL,2004,45.38001
Poland,POL,2005,46.2367
Poland,POL,2006,46.51838
Poland,POL,2007,44.49921
Poland,POL,2008,45.41722
Poland,POL,2009,47.15162
Poland,POL,2010,48.05438
Poland,POL,2011,46.3721
Portugal,PRT,1990,46.36415
Portugal,PRT,1991,49.43045
Portugal,PRT,1992,50.31362
Portugal,PRT,1993,51.30486
Portugal,PRT,1994,48.54903
Portugal,PRT,1995,47.1256
Portugal,PRT,1996,46.88612
Portugal,PRT,1997,44.88222
Portugal,PRT,1998,43.90344
Portugal,PRT,1999,43.9032
Portugal,PRT,2000,44.05146
Portugal,PRT,2001,45.38484
Portugal,PRT,2002,45.0844
Portugal,PRT,2003,46.44039
Portugal,PRT,2004,47.23482
Portugal,PRT,2005,48.21901
Portugal,PRT,2006,47.1963
Portugal,PRT,2007,47.36421
Portugal,PRT,2008,47.90389
Portugal,PRT,2009,52.79778
Portugal,PRT,2010,54.37676
Portugal,PRT,2011,52.54629
Qatar,QAT,1990,43.24721147
Qatar,QAT,1991,47.33864078
Qatar,QAT,1992,48.3281909
Qatar,QAT,1993,51.67574981
Qatar,QAT,1994,47.13965375
Qatar,QAT,1995,46.90179084
Qatar,QAT,1996,50.77696855
Qatar,QAT,1997,47.84040024
Qatar,QAT,1998,48.57461124
Qatar,QAT,1999,39.70016852
Qatar,QAT,2000,36.1226952
Qatar,QAT,2001,35.5221374
Qatar,QAT,2002,33.70446162
Qatar,QAT,2003,29.15857944
Qatar,QAT,2004,29.8706911
Qatar,QAT,2005,29.75967814
Qatar,QAT,2006,28.96509261
Qatar,QAT,2007,27.31863864
Qatar,QAT,2008,25.28171858
Qatar,QAT,2009,32.70853928
Qatar,QAT,2010,29.55808313
Qatar,QAT,2011,31.96960605
Romania,ROU,1991,0.039929
Romania,ROU,1992,0.245473
Romania,ROU,1993,0.938324
Romania,ROU,1994,1.35012
Romania,ROU,1995,35.70318
Romania,ROU,1996,34.96516
Romania,ROU,1997,39.0191
Romania,ROU,1998,39.75616
Romania,ROU,1999,44.25237
Romania,ROU,2000,42.50012
Romania,ROU,2001,39.6391
Romania,ROU,2002,37.47183
Romania,ROU,2003,35.05338
Romania,ROU,2004,35.0329
Romania,ROU,2005,34.82769
Romania,ROU,2006,36.377871
Romania,ROU,2007,38.94792
Romania,ROU,2008,39.996834
Romania,ROU,2009,42.63655
Romania,ROU,2010,42.4595
Romania,ROU,2011,36.91435
Russia,RUS,1997,5.03755
Russia,RUS,1998,47.14676
Russia,RUS,1999,42.69921
Russia,RUS,2000,37.18053
Russia,RUS,2001,36.41522
Russia,RUS,2002,38.37087
Russia,RUS,2003,36.62635
Russia,RUS,2004,32.94809
Russia,RUS,2005,33.764175
Russia,RUS,2006,31.887621
Russia,RUS,2007,33.675861
Russia,RUS,2008,34.753782
Russia,RUS,2009,41.985538
Russia,RUS,2010,39.07938
Russia,RUS,2011,37.144233
Rwanda,RWA,1992,29.80999122
Rwanda,RWA,1993,26.34307334
Rwanda,RWA,1994,20.21399052
Rwanda,RWA,1995,23.79971149
Rwanda,RWA,1996,24.81288704
Rwanda,RWA,1997,21.39209769
Rwanda,RWA,1998,20.35911047
Rwanda,RWA,1999,21.78476477
Rwanda,RWA,2000,20.36799787
Rwanda,RWA,2001,22.06243791
Rwanda,RWA,2002,22.70286271
Rwanda,RWA,2003,22.23258946
Rwanda,RWA,2004,22.32233838
Rwanda,RWA,2005,24.07392603
Rwanda,RWA,2006,22.58513591
Rwanda,RWA,2007,23.59558704
Rwanda,RWA,2008,25.29612959
Rwanda,RWA,2009,24.49247633
Rwanda,RWA,2010,26.67164562
Rwanda,RWA,2011,27.42494539
Saint Vincent and the Grenadines,VCT,1990,27.13258851
Saint Vincent and the Grenadines,VCT,1991,29.96229162
Saint Vincent and the Grenadines,VCT,1992,29.58742711
Saint Vincent and the Grenadines,VCT,1993,26.33422086
Saint Vincent and the Grenadines,VCT,1994,26.30151379
Saint Vincent and the Grenadines,VCT,1995,23.86851413
Saint Vincent and the Grenadines,VCT,1996,24.7152206
Saint Vincent and the Grenadines,VCT,1997,30.57550497
Saint Vincent and the Grenadines,VCT,1998,29.64778416
Saint Vincent and the Grenadines,VCT,1999,30.44592489
Saint Vincent and the Grenadines,VCT,2000,28.80476639
Saint Vincent and the Grenadines,VCT,2001,28.29228659
Saint Vincent and the Grenadines,VCT,2002,28.85575045
Saint Vincent and the Grenadines,VCT,2003,29.05489888
Saint Vincent and the Grenadines,VCT,2004,28.06431235
Saint Vincent and the Grenadines,VCT,2005,30.46780717
Saint Vincent and the Grenadines,VCT,2006,29.87646326
Saint Vincent and the Grenadines,VCT,2007,30.63538659
Saint Vincent and the Grenadines,VCT,2008,32.32837329
Saint Vincent and the Grenadines,VCT,2009,35.58330993
Saint Vincent and the Grenadines,VCT,2010,35.85836062
Saint Vincent and the Grenadines,VCT,2011,32.81336208
Sao Tome and Principe,STP,2000,10.79069871
Sao Tome and Principe,STP,2001,53.34028433
Sao Tome and Principe,STP,2002,45.96028287
Sao Tome and Principe,STP,2003,46.73538308
Sao Tome and Principe,STP,2004,54.55207244
Sao Tome and Principe,STP,2005,46.92643732
Sao Tome and Principe,STP,2006,49.79759738
Sao Tome and Principe,STP,2007,40.34773503
Sao Tome and Principe,STP,2008,32.07380041
Sao Tome and Principe,STP,2009,50.37179004
Sao Tome and Principe,STP,2010,49.49247238
Sao Tome and Principe,STP,2011,49.57557252
Saudi Arabia,SAU,1991,1.740710935
Saudi Arabia,SAU,1992,2.898277338
Saudi Arabia,SAU,1993,3.048306886
Saudi Arabia,SAU,1994,2.925540716
Saudi Arabia,SAU,1995,3.514932698
Saudi Arabia,SAU,1996,3.85406032
Saudi Arabia,SAU,1997,3.822605453
Saudi Arabia,SAU,1998,4.465362109
Saudi Arabia,SAU,1999,35.87880347
Saudi Arabia,SAU,2000,38.8093398
Saudi Arabia,SAU,2001,42.70599057
Saudi Arabia,SAU,2002,41.44717483
Saudi Arabia,SAU,2003,38.15847482
Saudi Arabia,SAU,2004,37.53696782
Saudi Arabia,SAU,2005,32.6427815
Saudi Arabia,SAU,2006,31.27366717
Saudi Arabia,SAU,2007,32.91769449
Saudi Arabia,SAU,2008,29.8825012
Saudi Arabia,SAU,2009,40.91299452
Saudi Arabia,SAU,2010,39.18806314
Saudi Arabia,SAU,2011,35.39891551
Senegal,SEN,2000,19.28105625
Senegal,SEN,2001,21.79293852
Senegal,SEN,2002,21.35495059
Senegal,SEN,2003,22.89268937
Senegal,SEN,2004,23.82603814
Senegal,SEN,2005,24.48377325
Senegal,SEN,2006,27.44319446
Senegal,SEN,2007,28.09389705
Senegal,SEN,2008,26.9008926
Senegal,SEN,2009,27.34758252
Senegal,SEN,2010,28.12188802
Senegal,SEN,2011,30.15218017
Serbia,SRB,2000,34.29524956
Serbia,SRB,2001,37.1504191
Serbia,SRB,2002,46.69022214
Serbia,SRB,2003,46.41046406
Serbia,SRB,2004,44.20047027
Serbia,SRB,2005,43.37506355
Serbia,SRB,2006,46.78370106
Serbia,SRB,2007,46.11056482
Serbia,SRB,2008,45.43424646
Serbia,SRB,2009,46.6869972
Serbia,SRB,2010,47.38405885
Serbia,SRB,2011,46.64110501
Seychelles,SYC,1990,54.04910782
Seychelles,SYC,1991,60.12827635
Seychelles,SYC,1992,58.70700522
Seychelles,SYC,1993,68.38471249
Seychelles,SYC,1994,72.26744125
Seychelles,SYC,1995,63.66189496
Seychelles,SYC,1996,69.77359291
Seychelles,SYC,1997,65.38094607
Seychelles,SYC,1998,71.37152469
Seychelles,SYC,1999,66.31028257
Seychelles,SYC,2000,63.46423101
Seychelles,SYC,2001,54.70688502
Seychelles,SYC,2002,64.24592337
Seychelles,SYC,2003,53.48266969
Seychelles,SYC,2004,49.01847216
Seychelles,SYC,2005,46.09266226
Seychelles,SYC,2006,52.48472696
Seychelles,SYC,2007,48.05694897
Seychelles,SYC,2008,36.25482993
Seychelles,SYC,2009,43.17998673
Seychelles,SYC,2010,41.85124916
Seychelles,SYC,2011,38.60337271
Sierra Leone,SLE,2000,34.17318172
Sierra Leone,SLE,2001,25.4935399
Sierra Leone,SLE,2002,25.63919203
Sierra Leone,SLE,2003,22.9171781
Sierra Leone,SLE,2004,22.68405794
Sierra Leone,SLE,2005,21.70663447
Sierra Leone,SLE,2006,20.23775716
Sierra Leone,SLE,2007,14.89339415
Sierra Leone,SLE,2008,18.0350472
Sierra Leone,SLE,2009,18.99350455
Sierra Leone,SLE,2010,22.12841656
Sierra Leone,SLE,2011,23.85263444
Singapore,SGP,1990,20.973186
Singapore,SGP,1991,22.54736379
Singapore,SGP,1992,19.14622447
Singapore,SGP,1993,18.11911716
Singapore,SGP,1994,19.99445593
Singapore,SGP,1995,21.53136078
Singapore,SGP,1996,27.25440955
Singapore,SGP,1997,26.29238862
Singapore,SGP,1998,28.68058397
Singapore,SGP,1999,23.73362722
Singapore,SGP,2000,19.89471381
Singapore,SGP,2001,22.89250711
Singapore,SGP,2002,17.99946267
Singapore,SGP,2003,13.96769067
Singapore,SGP,2004,13.55674641
Singapore,SGP,2005,12.39678807
Singapore,SGP,2006,13.00154995
Singapore,SGP,2007,12.09773609
Singapore,SGP,2008,17.74164931
Singapore,SGP,2009,18.40955756
Singapore,SGP,2010,14.43236143
Singapore,SGP,2011,17.13189794
Slovakia,SVK,1997,40.56973348
Slovakia,SVK,1998,36.81696782
Slovakia,SVK,1999,35.1575285
Slovakia,SVK,2000,39.74006563
Slovakia,SVK,2001,33.71584748
Slovakia,SVK,2002,34.30217868
Slovakia,SVK,2003,30.96400079
Slovakia,SVK,2004,29.99796286
Slovakia,SVK,2005,30.98533285
Slovakia,SVK,2006,30.73243457
Slovakia,SVK,2007,31.75133483
Slovakia,SVK,2008,34.85013277
Slovakia,SVK,2009,42.97373651
Slovakia,SVK,2010,41.3139617
Slovakia,SVK,2011,39.74269371
Slovenia,SVN,1995,41.32143508
Slovenia,SVN,1996,40.47318875
Slovenia,SVN,1997,41.05753977
Slovenia,SVN,1998,42.01458673
Slovenia,SVN,1999,42.47064555
Slovenia,SVN,2000,42.91231048
Slovenia,SVN,2001,43.89434293
Slovenia,SVN,2002,43.46502888
Slovenia,SVN,2003,43.86620989
Slovenia,SVN,2004,43.93963932
Slovenia,SVN,2005,44.0350233
Slovenia,SVN,2006,43.75927757
Slovenia,SVN,2007,41.25753719
Slovenia,SVN,2008,42.36048731
Slovenia,SVN,2009,46.98018018
Slovenia,SVN,2010,48.25138403
Slovenia,SVN,2011,48.48536159
Solomon Islands,SLB,1990,35.24287643
Solomon Islands,SLB,1991,46.21177053
Solomon Islands,SLB,1992,41.20935122
Solomon Islands,SLB,1993,38.99737227
Solomon Islands,SLB,1994,38.03628551
Solomon Islands,SLB,1995,31.12652308
Solomon Islands,SLB,1996,29.99216962
Solomon Islands,SLB,1997,23.53460014
Solomon Islands,SLB,1998,19.21535447
Solomon Islands,SLB,1999,20.16057786
Solomon Islands,SLB,2000,23.59588175
Solomon Islands,SLB,2001,18.16875699
Solomon Islands,SLB,2002,15.4259457
Solomon Islands,SLB,2003,22.89766012
Solomon Islands,SLB,2004,30.33315624
Solomon Islands,SLB,2005,36.43090329
Solomon Islands,SLB,2006,39.51011317
Solomon Islands,SLB,2007,46.07909245
Solomon Islands,SLB,2008,47.82992851
Solomon Islands,SLB,2009,54.37744829
Solomon Islands,SLB,2010,56.77372672
Solomon Islands,SLB,2011,51.56960437
South Africa,ZAF,1990,33.17262
South Africa,ZAF,1991,32.44023
South Africa,ZAF,1992,34.77711
South Africa,ZAF,1993,34.42095
South Africa,ZAF,1994,36.72903
South Africa,ZAF,1995,32.65578
South Africa,ZAF,1996,34.05673
South Africa,ZAF,1997,33.65234
South Africa,ZAF,1998,33.27206
South Africa,ZAF,1999,33.19866
South Africa,ZAF,2000,30.83496
South Africa,ZAF,2001,30.47251
South Africa,ZAF,2002,29.85952
South Africa,ZAF,2003,30.12867
South Africa,ZAF,2004,29.93441
South Africa,ZAF,2005,30.05407
South Africa,ZAF,2006,29.85792
South Africa,ZAF,2007,30.82284
South Africa,ZAF,2008,32.73776
South Africa,ZAF,2009,35.58514
South Africa,ZAF,2010,35.59201
South Africa,ZAF,2011,34.59851
South Korea,KOR,1990,15.858729
South Korea,KOR,1991,15.957729
South Korea,KOR,1992,16.063367
South Korea,KOR,1993,15.496079
South Korea,KOR,1994,15.96705
South Korea,KOR,1995,15.388103
South Korea,KOR,1996,15.893774
South Korea,KOR,1997,15.805069
South Korea,KOR,1998,18.497036
South Korea,KOR,1999,19.10153
South Korea,KOR,2000,19.08819
South Korea,KOR,2001,20.16074
South Korea,KOR,2002,18.8793
South Korea,KOR,2003,21.081352
South Korea,KOR,2004,22.14875
South Korea,KOR,2005,22.04672
South Korea,KOR,2006,22.87232
South Korea,KOR,2007,23.26533
South Korea,KOR,2008,23.7854
South Korea,KOR,2009,24.11116
South Korea,KOR,2010,22.35255
South Korea,KOR,2011,22.497384
Spain,ESP,1990,35.63408
Spain,ESP,1991,33.43848
Spain,ESP,1992,37.08269
Spain,ESP,1993,44.92939
Spain,ESP,1994,36.75779
Spain,ESP,1995,49.59382
Spain,ESP,1996,48.46838
Spain,ESP,1997,46.34299
Spain,ESP,1998,45.29531
Spain,ESP,1999,43.44076
Spain,ESP,2000,42.43597
Spain,ESP,2001,41.71212
Spain,ESP,2002,41.62068
Spain,ESP,2003,40.77946
Spain,ESP,2004,40.93132
Spain,ESP,2005,40.2258
Spain,ESP,2006,39.9897
Spain,ESP,2007,40.82029
Spain,ESP,2008,43.05654
Spain,ESP,2009,48.03056
Spain,ESP,2010,47.53594
Spain,ESP,2011,46.29512
Sri Lanka,LKA,1990,36.20257891
Sri Lanka,LKA,1991,36.98914759
Sri Lanka,LKA,1992,33.1401173
Sri Lanka,LKA,1993,33.26363024
Sri Lanka,LKA,1994,34.86264355
Sri Lanka,LKA,1995,34.99840078
Sri Lanka,LKA,1996,33.68243363
Sri Lanka,LKA,1997,31.53355508
Sri Lanka,LKA,1998,30.68669067
Sri Lanka,LKA,1999,29.83684559
Sri Lanka,LKA,2000,31.29287258
Sri Lanka,LKA,2001,33.03338729
Sri Lanka,LKA,2002,31.75374396
Sri Lanka,LKA,2003,29.7837877
Sri Lanka,LKA,2004,28.53822935
Sri Lanka,LKA,2005,28.74054849
Sri Lanka,LKA,2006,29.41541781
Sri Lanka,LKA,2007,28.62177424
Sri Lanka,LKA,2008,27.40168074
Sri Lanka,LKA,2009,31.26184908
Sri Lanka,LKA,2010,29.13573695
Sri Lanka,LKA,2011,26.84604863
Sudan,SDN,1990,28.55731818
Sudan,SDN,1991,42.69587886
Sudan,SDN,1992,47.22630192
Sudan,SDN,1993,22.29741393
Sudan,SDN,1994,19.76617425
Sudan,SDN,1995,12.7649525
Sudan,SDN,1996,9.422016576
Sudan,SDN,1997,6.982020125
Sudan,SDN,1998,8.169617339
Sudan,SDN,1999,9.176170996
Sudan,SDN,2000,12.20029625
Sudan,SDN,2001,12.53205663
Sudan,SDN,2002,14.22559597
Sudan,SDN,2003,16.76523428
Sudan,SDN,2004,21.96972504
Sudan,SDN,2005,27.52979073
Sudan,SDN,2006,24.9806703
Sudan,SDN,2007,26.33067221
Sudan,SDN,2008,24.41045015
Sudan,SDN,2009,21.5194306
Sudan,SDN,2010,20.14279517
Sudan,SDN,2011,19.18314833
Suriname,SUR,1990,27.055042
Suriname,SUR,1991,31.62043039
Suriname,SUR,1992,28.71922675
Suriname,SUR,1993,22.47852154
Suriname,SUR,1994,17.88232012
Suriname,SUR,1995,21.97067495
Suriname,SUR,1996,26.58605532
Suriname,SUR,1997,24.57087944
Suriname,SUR,1998,35.97471236
Suriname,SUR,1999,26.8227221
Suriname,SUR,2000,29.99906448
Suriname,SUR,2001,27.90872313
Suriname,SUR,2002,26.236082
Suriname,SUR,2003,22.2219931
Suriname,SUR,2004,23.4181954
Suriname,SUR,2005,25.05145726
Suriname,SUR,2006,22.46906237
Suriname,SUR,2007,24.4064335
Suriname,SUR,2008,22.79831674
Suriname,SUR,2009,28.81182117
Suriname,SUR,2010,27.03765984
Suriname,SUR,2011,27.89065633
Sweden,SWE,1990,43.92386098
Sweden,SWE,1991,46.55526489
Sweden,SWE,1992,51.46051131
Sweden,SWE,1993,77.39828
Sweden,SWE,1994,75.78268
Sweden,SWE,1995,70.24977
Sweden,SWE,1996,68.29779
Sweden,SWE,1997,65.8784
Sweden,SWE,1998,63.32514
Sweden,SWE,1999,62.10935
Sweden,SWE,2000,58.55471
Sweden,SWE,2001,57.26162
Sweden,SWE,2002,58.64216
Sweden,SWE,2003,57.90374
Sweden,SWE,2004,55.98159
Sweden,SWE,2005,55.70514
Sweden,SWE,2006,54.43795
Sweden,SWE,2007,52.70869
Sweden,SWE,2008,53.32623
Sweden,SWE,2009,56.21848
Sweden,SWE,2010,53.91806
Sweden,SWE,2011,49.863368
Switzerland,CHE,1990,31.66764
Switzerland,CHE,1991,33.63024
Switzerland,CHE,1992,36.03992
Switzerland,CHE,1993,36.99618
Switzerland,CHE,1994,37.23046
Switzerland,CHE,1995,37.08927
Switzerland,CHE,1996,37.27758
Switzerland,CHE,1997,37.52266
Switzerland,CHE,1998,37.76083
Switzerland,CHE,1999,36.26627
Switzerland,CHE,2000,36.93646
Switzerland,CHE,2001,36.50848
Switzerland,CHE,2002,37.85263
Switzerland,CHE,2003,37.97599
Switzerland,CHE,2004,37.45903
Switzerland,CHE,2005,36.73013
Switzerland,CHE,2006,34.83255
Switzerland,CHE,2007,33.55743
Switzerland,CHE,2008,33.50146
Switzerland,CHE,2009,35.16969
Switzerland,CHE,2010,35.112814
Switzerland,CHE,2011,33.871679
Syria,SYR,1990,28.54752393
Syria,SYR,1991,34.57844937
Syria,SYR,1992,34.85649705
Syria,SYR,1993,30.2215079
Syria,SYR,1994,30.80036067
Syria,SYR,1995,30.40998292
Syria,SYR,1996,28.09105213
Syria,SYR,1997,29.59202971
Syria,SYR,1998,29.38209411
Syria,SYR,1999,28.68774204
Syria,SYR,2000,27.9908777
Syria,SYR,2001,28.61440654
Syria,SYR,2002,29.08078483
Syria,SYR,2003,33.33888805
Syria,SYR,2004,32.19724507
Syria,SYR,2005,29.33113831
Syria,SYR,2006,27.67894315
Syria,SYR,2007,26.52808222
Syria,SYR,2008,23.57232127
Syria,SYR,2009,27.38436271
Syria,SYR,2010,27.41704949
Tajikistan,TJK,1998,17.50707592
Tajikistan,TJK,1999,18.13025912
Tajikistan,TJK,2000,20.48092182
Tajikistan,TJK,2001,19.91759399
Tajikistan,TJK,2002,21.06416714
Tajikistan,TJK,2003,20.32835976
Tajikistan,TJK,2004,21.00045742
Tajikistan,TJK,2005,23.48336035
Tajikistan,TJK,2006,22.4106954
Tajikistan,TJK,2007,28.4565268
Tajikistan,TJK,2008,27.49016271
Tajikistan,TJK,2009,29.14644625
Tajikistan,TJK,2010,26.62904996
Tajikistan,TJK,2011,27.54484032
Tanzania,TZA,1991,19.13984228
Tanzania,TZA,1992,23.95797095
Tanzania,TZA,1993,21.98561138
Tanzania,TZA,1994,23.54309686
Tanzania,TZA,1995,22.64698705
Tanzania,TZA,1996,19.14016355
Tanzania,TZA,1997,17.30854672
Tanzania,TZA,1998,15.90434294
Tanzania,TZA,1999,18.07283145
Tanzania,TZA,2000,17.41072265
Tanzania,TZA,2001,16.78231616
Tanzania,TZA,2002,16.7259377
Tanzania,TZA,2003,19.07179481
Tanzania,TZA,2004,20.80091124
Tanzania,TZA,2005,23.31036199
Tanzania,TZA,2006,24.36357429
Tanzania,TZA,2007,24.28057956
Tanzania,TZA,2008,25.48670037
Tanzania,TZA,2009,27.84343441
Tanzania,TZA,2010,28.41669156
Tanzania,TZA,2011,27.96692365
Thailand,THA,1990,18.40035
Thailand,THA,1991,18.36644
Thailand,THA,1992,18.88617
Thailand,THA,1993,19.561663
Thailand,THA,1994,16.539565
Thailand,THA,1995,15.669851
Thailand,THA,1996,17.981724
Thailand,THA,1997,18.836126
Thailand,THA,1998,18.407347
Thailand,THA,1999,18.929246
Thailand,THA,2000,20.24209
Thailand,THA,2001,21.93466
Thailand,THA,2002,26.53199
Thailand,THA,2003,20.20394
Thailand,THA,2004,21.44233
Thailand,THA,2005,21.85874
Thailand,THA,2006,21.14994
Thailand,THA,2007,21.84766
Thailand,THA,2008,22.57118
Thailand,THA,2009,24.56946
Thailand,THA,2010,24.12305
Thailand,THA,2011,25.74949
Togo,TGO,1990,29.1067645
Togo,TGO,1991,25.53180856
Togo,TGO,1992,22.16189958
Togo,TGO,1993,26.62380323
Togo,TGO,1994,24.2159058
Togo,TGO,1995,22.41521714
Togo,TGO,1996,21.74235226
Togo,TGO,1997,18.60087459
Togo,TGO,1998,21.99162104
Togo,TGO,1999,20.71312888
Togo,TGO,2000,20.62074766
Togo,TGO,2001,18.13327537
Togo,TGO,2002,14.82795499
Togo,TGO,2003,16.97088419
Togo,TGO,2004,18.36342331
Togo,TGO,2005,20.3357317
Togo,TGO,2006,22.1302843
Togo,TGO,2007,22.52685964
Togo,TGO,2008,18.65225893
Togo,TGO,2009,22.17367159
Togo,TGO,2010,23.50718182
Togo,TGO,2011,24.86778651
Tonga,TON,1999,21.10779934
Tonga,TON,2000,20.07286422
Tonga,TON,2001,20.78638862
Tonga,TON,2002,20.96981104
Tonga,TON,2003,19.97561003
Tonga,TON,2004,19.79521886
Tonga,TON,2005,22.75932906
Tonga,TON,2006,24.27094449
Tonga,TON,2007,24.12631026
Tonga,TON,2008,26.55869287
Tonga,TON,2009,30.44569627
Tonga,TON,2010,32.31015258
Tonga,TON,2011,29.81378114
Trinidad and Tobago,TTO,1999,33.97180152
Trinidad and Tobago,TTO,2000,32.68264356
Trinidad and Tobago,TTO,2001,34.20861093
Trinidad and Tobago,TTO,2002,30.63176443
Trinidad and Tobago,TTO,2003,28.65971246
Trinidad and Tobago,TTO,2004,28.94674012
Trinidad and Tobago,TTO,2005,30.18033667
Trinidad and Tobago,TTO,2006,34.32137616
Trinidad and Tobago,TTO,2007,31.6329428
Trinidad and Tobago,TTO,2008,32.61863621
Trinidad and Tobago,TTO,2009,42.48183603
Trinidad and Tobago,TTO,2010,40.98360592
Trinidad and Tobago,TTO,2011,37.20741871
Tunisia,TUN,1991,34.16327885
Tunisia,TUN,1992,32.60229673
Tunisia,TUN,1993,33.69547015
Tunisia,TUN,1994,33.31382072
Tunisia,TUN,1995,34.30610524
Tunisia,TUN,1996,35.83114081
Tunisia,TUN,1997,32.13450055
Tunisia,TUN,1998,31.78730843
Tunisia,TUN,1999,31.98693406
Tunisia,TUN,2000,32.05100328
Tunisia,TUN,2001,31.8621954
Tunisia,TUN,2002,32.58634943
Tunisia,TUN,2003,31.84916307
Tunisia,TUN,2004,31.7723393
Tunisia,TUN,2005,31.82025029
Tunisia,TUN,2006,31.63913664
Tunisia,TUN,2007,31.81095374
Tunisia,TUN,2008,32.60503204
Tunisia,TUN,2009,32.82615403
Tunisia,TUN,2010,32.74274194
Tunisia,TUN,2011,36.57885575
Turkey,TUR,1990,17.24761447
Turkey,TUR,1991,21.15200295
Turkey,TUR,1992,21.0424099
Turkey,TUR,1993,25.35523341
Turkey,TUR,1994,25.06346241
Turkey,TUR,1995,28.5558369
Turkey,TUR,1996,36.5492117
Turkey,TUR,1997,37.69470978
Turkey,TUR,1998,44.10004296
Turkey,TUR,1999,53.59194888
Turkey,TUR,2000,59.49683389
Turkey,TUR,2001,71.47688594
Turkey,TUR,2002,60.1397
Turkey,TUR,2003,56.2531
Turkey,TUR,2004,45.4394
Turkey,TUR,2005,39.7658
Turkey,TUR,2006,38.93598
Turkey,TUR,2007,39.18688
Turkey,TUR,2008,39.26683
Turkey,TUR,2009,43.36778
Turkey,TUR,2010,40.07236
Turkey,TUR,2011,37.35128
Tuvalu,TUV,2004,70.93232057
Tuvalu,TUV,2005,78.79799382
Tuvalu,TUV,2006,84.74487277
Tuvalu,TUV,2007,81.11990764
Tuvalu,TUV,2008,73.69103801
Tuvalu,TUV,2009,93.31788123
Tuvalu,TUV,2010,104.3602765
Tuvalu,TUV,2011,91.33485958
Uganda,UGA,1997,20.6477651
Uganda,UGA,1998,20.01614097
Uganda,UGA,1999,21.94299848
Uganda,UGA,2000,24.07609359
Uganda,UGA,2001,24.16868166
Uganda,UGA,2002,24.93886515
Uganda,UGA,2003,22.91152549
Uganda,UGA,2004,23.17573699
Uganda,UGA,2005,22.29930874
Uganda,UGA,2006,20.40360325
Uganda,UGA,2007,19.86376707
Uganda,UGA,2008,19.54935587
Uganda,UGA,2009,18.86569017
Uganda,UGA,2010,23.42810095
Uganda,UGA,2011,21.689936
Ukraine,UKR,1997,44.02260697
Ukraine,UKR,1998,40.71135302
Ukraine,UKR,1999,29.09993798
Ukraine,UKR,2000,39.78982612
Ukraine,UKR,2001,38.52357139
Ukraine,UKR,2002,39.14215642
Ukraine,UKR,2003,39.84207336
Ukraine,UKR,2004,42.46065741
Ukraine,UKR,2005,44.84829726
Ukraine,UKR,2006,45.22473162
Ukraine,UKR,2007,44.33423291
Ukraine,UKR,2008,47.95083969
Ukraine,UKR,2009,49.71912884
Ukraine,UKR,2010,50.62956726
Ukraine,UKR,2011,47.59311839
United Arab Emirates,ARE,1991,1.540796393
United Arab Emirates,ARE,1992,0.260887165
United Arab Emirates,ARE,1993,0.014783015
United Arab Emirates,ARE,1995,0.002996431
United Arab Emirates,ARE,1996,0.006523227
United Arab Emirates,ARE,1999,24.41565786
United Arab Emirates,ARE,2000,21.90964564
United Arab Emirates,ARE,2001,24.49870007
United Arab Emirates,ARE,2002,21.46245649
United Arab Emirates,ARE,2003,20.32878668
United Arab Emirates,ARE,2004,18.1329361
United Arab Emirates,ARE,2005,15.22483892
United Arab Emirates,ARE,2006,14.68689588
United Arab Emirates,ARE,2007,15.55498722
United Arab Emirates,ARE,2008,17.62757931
United Arab Emirates,ARE,2009,27.21295048
United Arab Emirates,ARE,2010,25.47446192
United Arab Emirates,ARE,2011,23.90840944
United Kingdom,GBR,1990,44.77333
United Kingdom,GBR,1991,45.86778
United Kingdom,GBR,1992,48.01751
United Kingdom,GBR,1993,48.08315
United Kingdom,GBR,1994,47.70392
United Kingdom,GBR,1995,47.4738
United Kingdom,GBR,1996,45.84251
United Kingdom,GBR,1997,44.07473
United Kingdom,GBR,1998,42.9343
United Kingdom,GBR,1999,41.70743
United Kingdom,GBR,2000,39.4775
United Kingdom,GBR,2001,42.49218
United Kingdom,GBR,2002,43.0978
United Kingdom,GBR,2003,44.10147
United Kingdom,GBR,2004,44.91713
United Kingdom,GBR,2005,46.1906
United Kingdom,GBR,2006,46.2337
United Kingdom,GBR,2007,46.10402
United Kingdom,GBR,2008,50.09651
United Kingdom,GBR,2009,53.3387
United Kingdom,GBR,2010,53.44809
United Kingdom,GBR,2011,48.18455
United States,USA,1990,40.58769
United States,USA,1991,41.56056
United States,USA,1992,42.16414
United States,USA,1993,41.49607
United States,USA,1994,40.46213
United States,USA,1995,40.62949
United States,USA,1996,39.94428
United States,USA,1997,38.66108
United States,USA,1998,37.6993
United States,USA,1999,36.90037
United States,USA,2000,36.33888
United States,USA,2001,38.19755
United States,USA,2002,38.73112
United States,USA,2003,38.85277
United States,USA,2004,38.5657
United States,USA,2005,38.96201
United States,USA,2006,38.73298
United States,USA,2007,39.72843
United States,USA,2008,41.82761
United States,USA,2009,45.15777
United States,USA,2010,45.07137
United States,USA,2011,43.72714
Uruguay,URY,1990,22.77408
Uruguay,URY,1991,23.76301
Uruguay,URY,1992,24.96483
Uruguay,URY,1993,29.05135
Uruguay,URY,1994,30.72514
Uruguay,URY,1995,27.55105
Uruguay,URY,1996,27.82648
Uruguay,URY,1997,28.97027
Uruguay,URY,1998,28.68416
Uruguay,URY,1999,34.14585
Uruguay,URY,2000,33.96564
Uruguay,URY,2001,35.90929
Uruguay,URY,2002,36.81239
Uruguay,URY,2003,38.68335
Uruguay,URY,2004,37.46256
Uruguay,URY,2005,35.61348
Uruguay,URY,2006,35.74279
Uruguay,URY,2007,34.34122
Uruguay,URY,2008,33.29249
Uruguay,URY,2009,35.0836
Uruguay,URY,2010,35.64678
Uruguay,URY,2011,35.53897
Uzbekistan,UZB,1992,29.3018018
Uzbekistan,UZB,1993,49.59371933
Uzbekistan,UZB,1994,33.97829143
Uzbekistan,UZB,1995,38.55699627
Uzbekistan,UZB,1996,49.84862442
Uzbekistan,UZB,1997,39.93193443
Uzbekistan,UZB,1998,44.73897242
Uzbekistan,UZB,1999,42.19321494
Uzbekistan,UZB,2000,39.82606456
Uzbekistan,UZB,2001,36.34003564
Uzbekistan,UZB,2002,37.9674986
Uzbekistan,UZB,2003,33.71913404
Uzbekistan,UZB,2004,32.02130959
Uzbekistan,UZB,2005,29.93728974
Uzbekistan,UZB,2006,29.38066762
Uzbekistan,UZB,2007,30.7148728
Uzbekistan,UZB,2008,30.72946511
Uzbekistan,UZB,2009,34.09977803
Uzbekistan,UZB,2010,32.17130324
Uzbekistan,UZB,2011,31.49705793
Vanuatu,VUT,1991,35.93483161
Vanuatu,VUT,1992,31.83243279
Vanuatu,VUT,1993,26.20034332
Vanuatu,VUT,1994,24.35467781
Vanuatu,VUT,1995,27.96177163
Vanuatu,VUT,1996,25.00938295
Vanuatu,VUT,1997,22.67303981
Vanuatu,VUT,1998,28.53463712
Vanuatu,VUT,1999,24.62276749
Vanuatu,VUT,2000,26.15870814
Vanuatu,VUT,2001,23.0847832
Vanuatu,VUT,2002,23.20767105
Vanuatu,VUT,2003,19.76005205
Vanuatu,VUT,2004,19.43930922
Vanuatu,VUT,2005,19.10603778
Vanuatu,VUT,2006,20.80012784
Vanuatu,VUT,2007,22.62558644
Vanuatu,VUT,2008,27.58128135
Vanuatu,VUT,2009,27.26261959
Vanuatu,VUT,2010,27.60848758
Vanuatu,VUT,2011,25.2799693
Venezuela,VEN,1990,36.95353
Venezuela,VEN,1991,38.05179
Venezuela,VEN,1992,34.63493
Venezuela,VEN,1993,32.28473
Venezuela,VEN,1994,47.34489
Venezuela,VEN,1995,39.07547
Venezuela,VEN,1996,32.62026
Venezuela,VEN,1997,33.99548
Venezuela,VEN,1998,32.67222
Venezuela,VEN,1999,29.64177
Venezuela,VEN,2000,31.37346
Venezuela,VEN,2001,35.29691
Venezuela,VEN,2002,36.20643
Venezuela,VEN,2003,37.38695
Venezuela,VEN,2004,35.67094
Venezuela,VEN,2005,36.50513
Venezuela,VEN,2006,41.24905
Venezuela,VEN,2007,37.78457
Venezuela,VEN,2008,35.7658
Venezuela,VEN,2009,34.50349
Venezuela,VEN,2010,40.31084
Venezuela,VEN,2011,41.460767
Vietnam,VNM,1998,20.90461365
Vietnam,VNM,1999,21.78915943
Vietnam,VNM,2000,23.38184881
Vietnam,VNM,2001,25.30049138
Vietnam,VNM,2002,26.06829152
Vietnam,VNM,2003,29.22531038
Vietnam,VNM,2004,27.89180151
Vietnam,VNM,2005,29.30227553
Vietnam,VNM,2006,29.21073835
Vietnam,VNM,2007,31.73400401
Vietnam,VNM,2008,30.57187762
Vietnam,VNM,2009,35.71641997
Vietnam,VNM,2010,33.97985657
Vietnam,VNM,2011,32.29421738
Yemen,YEM,1995,25.53335229
Yemen,YEM,1996,33.26668168
Yemen,YEM,1997,28.09141001
Yemen,YEM,1998,37.29909301
Yemen,YEM,1999,31.66649438
Yemen,YEM,2000,33.90895615
Yemen,YEM,2001,32.49092564
Yemen,YEM,2002,32.6292181
Yemen,YEM,2003,37.07349968
Yemen,YEM,2004,36.26766635
Yemen,YEM,2005,38.92194517
Yemen,YEM,2006,39.68064788
Yemen,YEM,2007,42.60970669
Yemen,YEM,2008,43.63938589
Yemen,YEM,2009,37.70917242
Yemen,YEM,2010,32.45818012
Yemen,YEM,2011,33.09941469
Zambia,ZMB,2000,26.72583571
Zambia,ZMB,2001,33.84078541
Zambia,ZMB,2002,35.1978158
Zambia,ZMB,2003,34.69234371
Zambia,ZMB,2004,30.07205716
Zambia,ZMB,2005,28.75671985
Zambia,ZMB,2006,25.41512681
Zambia,ZMB,2007,25.94399699
Zambia,ZMB,2008,25.53600338
Zambia,ZMB,2009,22.91414504
Zambia,ZMB,2010,24.37742791
Zambia,ZMB,2011,25.01366875
Zimbabwe,ZWE,2005,27.06882753
Zimbabwe,ZWE,2006,15.69618628
Zimbabwe,ZWE,2007,9.886322653
Zimbabwe,ZWE,2008,8.67176703
Zimbabwe,ZWE,2009,21.87646468
Zimbabwe,ZWE,2010,30.20767958
Zimbabwe,ZWE,2011,35.99375193
