Entity,Code,Year,Productivity: output per hour worked
Argentina,ARG,1990,9.34559
Argentina,ARG,1991,10.72936
Argentina,ARG,1992,12.5184765
Argentina,ARG,1993,14.229115
Argentina,ARG,1994,16.264364
Argentina,ARG,1995,19.057482
Argentina,ARG,1996,23.936634
Argentina,ARG,1997,23.406992
Argentina,ARG,1998,22.246105
Argentina,ARG,1999,20.943682
Argentina,ARG,2000,20.869158
Argentina,ARG,2001,20.300793
Argentina,ARG,2002,18.544622
Argentina,ARG,2003,19.140049
Argentina,ARG,2004,19.305756
Argentina,ARG,2005,19.672619
Argentina,ARG,2006,20.713331
Argentina,ARG,2007,21.948978
Argentina,ARG,2008,23.103422
Argentina,ARG,2009,22.24469
Argentina,ARG,2010,24.664722
Argentina,ARG,2011,27.121876
Argentina,ARG,2012,27.660812
Argentina,ARG,2013,27.395718
Argentina,ARG,2014,26.616257
Argentina,ARG,2015,26.997778
Argentina,ARG,2016,27.98419
Argentina,ARG,2017,30.95546
Argentina,ARG,2018,30.952593
Argentina,ARG,2019,29.42588
Australia,AUS,1990,34.717422
Australia,AUS,1991,35.753605
Australia,AUS,1992,37.43999
Australia,AUS,1993,38.279926
Australia,AUS,1994,38.63741
Australia,AUS,1995,39.189438
Australia,AUS,1996,41.00176
Australia,AUS,1997,42.7722
Australia,AUS,1998,43.82873
Australia,AUS,1999,45.23416
Australia,AUS,2000,45.415455
Australia,AUS,2001,47.16524
Australia,AUS,2002,47.55953
Australia,AUS,2003,48.647198
Australia,AUS,2004,49.612198
Australia,AUS,2005,51.532955
Australia,AUS,2006,51.622116
Australia,AUS,2007,51.45444
Australia,AUS,2008,52.85944
Australia,AUS,2009,53.129284
Australia,AUS,2010,56.738533
Australia,AUS,2011,58.76907
Australia,AUS,2012,58.172035
Australia,AUS,2013,60.47338
Australia,AUS,2014,60.122875
Australia,AUS,2015,56.053726
Australia,AUS,2016,59.619713
Australia,AUS,2017,60.34168
Australia,AUS,2018,61.878532
Australia,AUS,2019,61.438488
Austria,AUT,1990,31.620522
Austria,AUT,1991,32.5917
Austria,AUT,1992,34.509747
Austria,AUT,1993,35.524967
Austria,AUT,1994,37.20332
Austria,AUT,1995,39.36852
Austria,AUT,1996,39.323376
Austria,AUT,1997,40.81398
Austria,AUT,1998,42.53225
Austria,AUT,1999,43.386806
Austria,AUT,2000,45.390182
Austria,AUT,2001,44.377754
Austria,AUT,2002,45.44068
Austria,AUT,2003,46.49087
Austria,AUT,2004,48.04215
Austria,AUT,2005,52.797462
Austria,AUT,2006,53.47992
Austria,AUT,2007,54.648876
Austria,AUT,2008,55.810387
Austria,AUT,2009,54.958294
Austria,AUT,2010,56.444805
Austria,AUT,2011,57.740795
Austria,AUT,2012,58.960068
Austria,AUT,2013,58.534805
Austria,AUT,2014,61.13571
Austria,AUT,2015,62.702095
Austria,AUT,2016,62.37842
Austria,AUT,2017,64.780174
Austria,AUT,2018,65.06293
Austria,AUT,2019,65.15168
Bangladesh,BGD,1990,2.0360405
Bangladesh,BGD,1991,2.0363715
Bangladesh,BGD,1992,2.0315714
Bangladesh,BGD,1993,2.0196857
Bangladesh,BGD,1994,2.047829
Bangladesh,BGD,1995,2.0752869
Bangladesh,BGD,1996,2.0698934
Bangladesh,BGD,1997,2.005104
Bangladesh,BGD,1998,1.9297974
Bangladesh,BGD,1999,1.8166075
Bangladesh,BGD,2000,1.8243959
Bangladesh,BGD,2001,1.8358469
Bangladesh,BGD,2002,1.8910693
Bangladesh,BGD,2003,1.9046307
Bangladesh,BGD,2004,1.9024031
Bangladesh,BGD,2005,1.9349834
Bangladesh,BGD,2006,2.0549672
Bangladesh,BGD,2007,2.224288
Bangladesh,BGD,2008,2.424032
Bangladesh,BGD,2009,2.5682456
Bangladesh,BGD,2010,2.787817
Bangladesh,BGD,2011,3.2355232
Bangladesh,BGD,2012,3.3843846
Bangladesh,BGD,2013,3.6154296
Bangladesh,BGD,2014,3.7923138
Bangladesh,BGD,2015,4.0340605
Bangladesh,BGD,2016,4.1130853
Bangladesh,BGD,2017,4.3076367
Bangladesh,BGD,2018,4.59153
Bangladesh,BGD,2019,4.791032
Belgium,BEL,1990,40.869923
Belgium,BEL,1991,42.31519
Belgium,BEL,1992,44.594162
Belgium,BEL,1993,46.442467
Belgium,BEL,1994,47.816906
Belgium,BEL,1995,48.26082
Belgium,BEL,1996,48.773266
Belgium,BEL,1997,50.29988
Belgium,BEL,1998,49.44472
Belgium,BEL,1999,51.10491
Belgium,BEL,2000,52.970646
Belgium,BEL,2001,52.792484
Belgium,BEL,2002,53.71766
Belgium,BEL,2003,55.915703
Belgium,BEL,2004,57.090435
Belgium,BEL,2005,63.273796
Belgium,BEL,2006,60.26023
Belgium,BEL,2007,61.016037
Belgium,BEL,2008,65.654396
Belgium,BEL,2009,64.385025
Belgium,BEL,2010,69.09867
Belgium,BEL,2011,67.528786
Belgium,BEL,2012,67.90891
Belgium,BEL,2013,67.90904
Belgium,BEL,2014,68.081566
Belgium,BEL,2015,66.488235
Belgium,BEL,2016,66.85479
Belgium,BEL,2017,68.51652
Belgium,BEL,2018,66.245094
Belgium,BEL,2019,66.26524
Brazil,BRA,1990,8.242826
Brazil,BRA,1991,9.07414
Brazil,BRA,1992,9.409157
Brazil,BRA,1993,10.025202
Brazil,BRA,1994,11.191038
Brazil,BRA,1995,12.966644
Brazil,BRA,1996,15.900982
Brazil,BRA,1997,15.198671
Brazil,BRA,1998,14.644109
Brazil,BRA,1999,13.644428
Brazil,BRA,2000,13.205463
Brazil,BRA,2001,13.1499
Brazil,BRA,2002,12.790789
Brazil,BRA,2003,12.609983
Brazil,BRA,2004,12.661911
Brazil,BRA,2005,12.894449
Brazil,BRA,2006,13.6727295
Brazil,BRA,2007,15.1835165
Brazil,BRA,2008,16.644289
Brazil,BRA,2009,17.25405
Brazil,BRA,2010,19.317396
Brazil,BRA,2011,20.919428
Brazil,BRA,2012,20.70806
Brazil,BRA,2013,20.708025
Brazil,BRA,2014,20.427624
Brazil,BRA,2015,19.356064
Brazil,BRA,2016,18.864923
Brazil,BRA,2017,19.188293
Brazil,BRA,2018,19.362707
Brazil,BRA,2019,19.195236
Bulgaria,BGR,1995,15.871054
Bulgaria,BGR,1996,15.218238
Bulgaria,BGR,1997,11.6641445
Bulgaria,BGR,1998,14.167984
Bulgaria,BGR,1999,14.213296
Bulgaria,BGR,2000,15.97558
Bulgaria,BGR,2001,16.91231
Bulgaria,BGR,2002,17.264715
Bulgaria,BGR,2003,17.42531
Bulgaria,BGR,2004,17.387133
Bulgaria,BGR,2005,19.274733
Bulgaria,BGR,2006,19.62069
Bulgaria,BGR,2007,20.245644
Bulgaria,BGR,2008,20.501387
Bulgaria,BGR,2009,21.017033
Bulgaria,BGR,2010,23.100565
Bulgaria,BGR,2011,23.712515
Bulgaria,BGR,2012,24.541597
Bulgaria,BGR,2013,23.3278
Bulgaria,BGR,2014,23.708328
Bulgaria,BGR,2015,24.152256
Bulgaria,BGR,2016,25.448772
Bulgaria,BGR,2017,25.392122
Bulgaria,BGR,2018,26.212673
Bulgaria,BGR,2019,26.554285
Cambodia,KHM,1993,1.4276047
Cambodia,KHM,1994,1.5565166
Cambodia,KHM,1995,1.6360574
Cambodia,KHM,1996,1.5068518
Cambodia,KHM,1997,1.4833804
Cambodia,KHM,1998,1.3490212
Cambodia,KHM,1999,1.3725711
Cambodia,KHM,2000,1.4149227
Cambodia,KHM,2001,1.3620656
Cambodia,KHM,2002,1.3941027
Cambodia,KHM,2003,1.4804914
Cambodia,KHM,2004,1.5548357
Cambodia,KHM,2005,1.7654465
Cambodia,KHM,2006,1.8179532
Cambodia,KHM,2007,1.9759583
Cambodia,KHM,2008,2.1253846
Cambodia,KHM,2009,1.9446102
Cambodia,KHM,2010,1.9493625
Cambodia,KHM,2011,2.0494177
Cambodia,KHM,2012,2.262898
Cambodia,KHM,2013,2.4935715
Cambodia,KHM,2014,2.528299
Cambodia,KHM,2015,2.7521517
Cambodia,KHM,2016,2.828313
Cambodia,KHM,2017,3.02265
Cambodia,KHM,2018,3.2637424
Cambodia,KHM,2019,3.4332101
Canada,CAN,1990,39.458393
Canada,CAN,1991,39.580822
Canada,CAN,1992,40.403233
Canada,CAN,1993,41.056454
Canada,CAN,1994,41.86076
Canada,CAN,1995,43.244484
Canada,CAN,1996,43.56252
Canada,CAN,1997,44.49898
Canada,CAN,1998,44.221897
Canada,CAN,1999,46.135338
Canada,CAN,2000,48.0997
Canada,CAN,2001,47.65457
Canada,CAN,2002,47.368656
Canada,CAN,2003,48.947586
Canada,CAN,2004,49.97147
Canada,CAN,2005,53.21647
Canada,CAN,2006,52.629272
Canada,CAN,2007,52.54481
Canada,CAN,2008,53.956257
Canada,CAN,2009,50.187183
Canada,CAN,2010,52.5742
Canada,CAN,2011,54.738247
Canada,CAN,2012,54.253727
Canada,CAN,2013,55.697662
Canada,CAN,2014,57.38791
Canada,CAN,2015,53.85795
Canada,CAN,2016,54.124077
Canada,CAN,2017,56.25572
Canada,CAN,2018,56.634796
Canada,CAN,2019,57.244343
Chile,CHL,1990,10.217053
Chile,CHL,1991,10.965407
Chile,CHL,1992,11.760703
Chile,CHL,1993,12.317478
Chile,CHL,1994,13.427241
Chile,CHL,1995,15.035986
Chile,CHL,1996,15.147533
Chile,CHL,1997,15.38203
Chile,CHL,1998,14.596497
Chile,CHL,1999,14.155196
Chile,CHL,2000,14.319135
Chile,CHL,2001,14.177331
Chile,CHL,2002,13.952596
Chile,CHL,2003,14.278694
Chile,CHL,2004,15.642367
Chile,CHL,2005,17.545631
Chile,CHL,2006,19.737719
Chile,CHL,2007,21.209396
Chile,CHL,2008,20.655039
Chile,CHL,2009,21.182268
Chile,CHL,2010,23.995832
Chile,CHL,2011,26.033329
Chile,CHL,2012,26.869024
Chile,CHL,2013,27.298716
Chile,CHL,2014,27.769316
Chile,CHL,2015,27.039087
Chile,CHL,2016,26.58352
Chile,CHL,2017,27.260792
Chile,CHL,2018,28.114603
Chile,CHL,2019,28.418756
China,CHN,1990,2.189328
China,CHN,1991,2.25109
China,CHN,1992,2.432315
China,CHN,1993,2.6291595
China,CHN,1994,2.7920673
China,CHN,1995,3.0420306
China,CHN,1996,3.2180831
China,CHN,1997,3.2628345
China,CHN,1998,3.2003472
China,CHN,1999,3.320289
China,CHN,2000,3.524101
China,CHN,2001,3.775427
China,CHN,2002,4.0724883
China,CHN,2003,4.3798833
China,CHN,2004,4.7892036
China,CHN,2005,5.240103
China,CHN,2006,5.70952
China,CHN,2007,6.339555
China,CHN,2008,6.7905946
China,CHN,2009,7.314836
China,CHN,2010,8.160233
China,CHN,2011,8.755135
China,CHN,2012,9.246322
China,CHN,2013,9.604797
China,CHN,2014,10.032687
China,CHN,2015,10.392884
China,CHN,2016,10.742945
China,CHN,2017,11.3577385
China,CHN,2018,11.380233
China,CHN,2019,11.692401
Colombia,COL,1990,12.202242
Colombia,COL,1991,11.571942
Colombia,COL,1992,12.032496
Colombia,COL,1993,12.007203
Colombia,COL,1994,12.118897
Colombia,COL,1995,12.136691
Colombia,COL,1996,12.026752
Colombia,COL,1997,12.097997
Colombia,COL,1998,11.842075
Colombia,COL,1999,11.3847885
Colombia,COL,2000,11.04398
Colombia,COL,2001,11.027083
Colombia,COL,2002,10.495688
Colombia,COL,2003,10.553985
Colombia,COL,2004,10.728965
Colombia,COL,2005,10.961963
Colombia,COL,2006,11.455455
Colombia,COL,2007,11.84688
Colombia,COL,2008,12.6653185
Colombia,COL,2009,12.9909935
Colombia,COL,2010,13.992607
Colombia,COL,2011,15.261172
Colombia,COL,2012,15.648261
Colombia,COL,2013,15.742564
Colombia,COL,2014,16.171175
Colombia,COL,2015,15.556253
Colombia,COL,2016,15.507443
Colombia,COL,2017,15.632915
Colombia,COL,2018,16.24981
Colombia,COL,2019,16.958618
Costa Rica,CRI,1990,10.407295
Costa Rica,CRI,1991,10.783928
Costa Rica,CRI,1992,10.975786
Costa Rica,CRI,1993,11.425903
Costa Rica,CRI,1994,11.457872
Costa Rica,CRI,1995,11.751092
Costa Rica,CRI,1996,11.078427
Costa Rica,CRI,1997,11.226522
Costa Rica,CRI,1998,11.975157
Costa Rica,CRI,1999,11.688505
Costa Rica,CRI,2000,11.7755375
Costa Rica,CRI,2001,12.216593
Costa Rica,CRI,2002,11.855461
Costa Rica,CRI,2003,11.971055
Costa Rica,CRI,2004,12.049881
Costa Rica,CRI,2005,12.674956
Costa Rica,CRI,2006,12.448823
Costa Rica,CRI,2007,12.474863
Costa Rica,CRI,2008,12.858949
Costa Rica,CRI,2009,13.92298
Costa Rica,CRI,2010,14.393219
Costa Rica,CRI,2011,14.72274
Costa Rica,CRI,2012,16.007177
Costa Rica,CRI,2013,15.922192
Costa Rica,CRI,2014,16.74481
Costa Rica,CRI,2015,17.4247
Costa Rica,CRI,2016,17.779793
Costa Rica,CRI,2017,18.72804
Costa Rica,CRI,2018,19.487766
Costa Rica,CRI,2019,20.024153
Croatia,HRV,1995,14.890187
Croatia,HRV,1996,15.311452
Croatia,HRV,1997,16.620672
Croatia,HRV,1998,17.223452
Croatia,HRV,1999,17.612299
Croatia,HRV,2000,18.520042
Croatia,HRV,2001,19.14866
Croatia,HRV,2002,20.48642
Croatia,HRV,2003,21.303438
Croatia,HRV,2004,21.742834
Croatia,HRV,2005,23.412586
Croatia,HRV,2006,24.864307
Croatia,HRV,2007,26.065681
Croatia,HRV,2008,27.103188
Croatia,HRV,2009,26.007278
Croatia,HRV,2010,26.562008
Croatia,HRV,2011,28.587975
Croatia,HRV,2012,29.960676
Croatia,HRV,2013,29.518702
Croatia,HRV,2014,28.81806
Croatia,HRV,2015,30.722673
Croatia,HRV,2016,31.301752
Croatia,HRV,2017,33.157127
Croatia,HRV,2018,32.155815
Croatia,HRV,2019,32.262863
Cyprus,CYP,1995,31.736198
Cyprus,CYP,1996,31.336063
Cyprus,CYP,1997,32.127403
Cyprus,CYP,1998,31.289942
Cyprus,CYP,1999,32.990593
Cyprus,CYP,2000,37.073933
Cyprus,CYP,2001,36.84264
Cyprus,CYP,2002,35.53141
Cyprus,CYP,2003,32.61625
Cyprus,CYP,2004,32.660805
Cyprus,CYP,2005,37.081375
Cyprus,CYP,2006,37.981335
Cyprus,CYP,2007,38.346024
Cyprus,CYP,2008,39.743683
Cyprus,CYP,2009,40.4957
Cyprus,CYP,2010,41.430702
Cyprus,CYP,2011,41.143955
Cyprus,CYP,2012,43.860336
Cyprus,CYP,2013,42.46294
Cyprus,CYP,2014,40.367233
Cyprus,CYP,2015,41.750725
Cyprus,CYP,2016,43.303314
Cyprus,CYP,2017,42.592216
Cyprus,CYP,2018,41.64566
Cyprus,CYP,2019,42.394142
Czechia,CZE,1993,22.713095
Czechia,CZE,1994,23.92454
Czechia,CZE,1995,24.41806
Czechia,CZE,1996,25.458124
Czechia,CZE,1997,24.658945
Czechia,CZE,1998,23.894592
Czechia,CZE,1999,24.11468
Czechia,CZE,2000,24.99341
Czechia,CZE,2001,27.296064
Czechia,CZE,2002,26.66842
Czechia,CZE,2003,28.30444
Czechia,CZE,2004,28.998938
Czechia,CZE,2005,30.995367
Czechia,CZE,2006,31.548971
Czechia,CZE,2007,33.9257
Czechia,CZE,2008,34.9061
Czechia,CZE,2009,34.344757
Czechia,CZE,2010,34.754707
Czechia,CZE,2011,35.788155
Czechia,CZE,2012,36.074688
Czechia,CZE,2013,35.771816
Czechia,CZE,2014,36.94107
Czechia,CZE,2015,37.861492
Czechia,CZE,2016,37.674496
Czechia,CZE,2017,39.42305
Czechia,CZE,2018,40.233643
Czechia,CZE,2019,40.932842
Denmark,DNK,1990,37.689945
Denmark,DNK,1991,38.28121
Denmark,DNK,1992,39.69486
Denmark,DNK,1993,40.130573
Denmark,DNK,1994,42.327744
Denmark,DNK,1995,43.13151
Denmark,DNK,1996,44.58613
Denmark,DNK,1997,45.786285
Denmark,DNK,1998,46.091236
Denmark,DNK,1999,47.36426
Denmark,DNK,2000,49.45022
Denmark,DNK,2001,48.86709
Denmark,DNK,2002,48.93154
Denmark,DNK,2003,50.505646
Denmark,DNK,2004,53.430977
Denmark,DNK,2005,57.733273
Denmark,DNK,2006,58.512756
Denmark,DNK,2007,59.79641
Denmark,DNK,2008,62.95679
Denmark,DNK,2009,62.821857
Denmark,DNK,2010,68.3601
Denmark,DNK,2011,69.12133
Denmark,DNK,2012,69.71549
Denmark,DNK,2013,68.29498
Denmark,DNK,2014,68.46331
Denmark,DNK,2015,67.80658
Denmark,DNK,2016,69.00419
Denmark,DNK,2017,72.54114
Denmark,DNK,2018,73.471725
Denmark,DNK,2019,76.00354
Dominican Republic,DOM,1990,7.970508
Dominican Republic,DOM,1991,7.6652966
Dominican Republic,DOM,1992,8.44671
Dominican Republic,DOM,1993,8.843941
Dominican Republic,DOM,1994,9.257128
Dominican Republic,DOM,1995,9.373549
Dominican Republic,DOM,1996,9.752136
Dominican Republic,DOM,1997,10.190414
Dominican Republic,DOM,1998,10.275898
Dominican Republic,DOM,1999,10.516266
Dominican Republic,DOM,2000,10.741322
Dominican Republic,DOM,2001,12.159381
Dominican Republic,DOM,2002,11.998438
Dominican Republic,DOM,2003,11.167237
Dominican Republic,DOM,2004,11.204515
Dominican Republic,DOM,2005,12.313813
Dominican Republic,DOM,2006,13.39217
Dominican Republic,DOM,2007,14.156733
Dominican Republic,DOM,2008,13.8189745
Dominican Republic,DOM,2009,14.579355
Dominican Republic,DOM,2010,15.407397
Dominican Republic,DOM,2011,15.218588
Dominican Republic,DOM,2012,15.260428
Dominican Republic,DOM,2013,15.17758
Dominican Republic,DOM,2014,14.930788
Dominican Republic,DOM,2015,15.97378
Dominican Republic,DOM,2016,16.787802
Dominican Republic,DOM,2017,16.889729
Dominican Republic,DOM,2018,17.066357
Dominican Republic,DOM,2019,17.53021
Ecuador,ECU,1995,8.462219
Ecuador,ECU,1996,8.222675
Ecuador,ECU,1997,8.293992
Ecuador,ECU,1998,8.085482
Ecuador,ECU,1999,8.654562
Ecuador,ECU,2000,8.451831
Ecuador,ECU,2001,8.54152
Ecuador,ECU,2002,9.023662
Ecuador,ECU,2003,9.242497
Ecuador,ECU,2004,9.732682
Ecuador,ECU,2005,10.5780945
Ecuador,ECU,2006,11.242552
Ecuador,ECU,2007,11.746122
Ecuador,ECU,2008,12.561716
Ecuador,ECU,2009,12.076946
Ecuador,ECU,2010,12.846698
Ecuador,ECU,2011,13.907233
Ecuador,ECU,2012,14.7645445
Ecuador,ECU,2013,15.656399
Ecuador,ECU,2014,15.775506
Ecuador,ECU,2015,14.822678
Ecuador,ECU,2016,14.931975
Ecuador,ECU,2017,15.323919
Ecuador,ECU,2018,15.304225
Ecuador,ECU,2019,15.255215
Estonia,EST,1995,12.301138
Estonia,EST,1996,13.50568
Estonia,EST,1997,13.651728
Estonia,EST,1998,13.645548
Estonia,EST,1999,14.061493
Estonia,EST,2000,15.343206
Estonia,EST,2001,16.098131
Estonia,EST,2002,17.122402
Estonia,EST,2003,17.849754
Estonia,EST,2004,18.683674
Estonia,EST,2005,21.846905
Estonia,EST,2006,22.57687
Estonia,EST,2007,25.209894
Estonia,EST,2008,26.09065
Estonia,EST,2009,27.819883
Estonia,EST,2010,30.204777
Estonia,EST,2011,30.91355
Estonia,EST,2012,32.658714
Estonia,EST,2013,32.855225
Estonia,EST,2014,33.371788
Estonia,EST,2015,31.78334
Estonia,EST,2016,32.530643
Estonia,EST,2017,33.487995
Estonia,EST,2018,35.467113
Estonia,EST,2019,37.103794
Finland,FIN,1990,32.17027
Finland,FIN,1991,31.542807
Finland,FIN,1992,32.590652
Finland,FIN,1993,34.485252
Finland,FIN,1994,36.920357
Finland,FIN,1995,40.329865
Finland,FIN,1996,39.653557
Finland,FIN,1997,41.89941
Finland,FIN,1998,44.723362
Finland,FIN,1999,46.023457
Finland,FIN,2000,47.46425
Finland,FIN,2001,47.483337
Finland,FIN,2002,46.907173
Finland,FIN,2003,47.85348
Finland,FIN,2004,49.805534
Finland,FIN,2005,52.73542
Finland,FIN,2006,53.03463
Finland,FIN,2007,56.579884
Finland,FIN,2008,57.646393
Finland,FIN,2009,54.963795
Finland,FIN,2010,57.055943
Finland,FIN,2011,57.478252
Finland,FIN,2012,56.84866
Finland,FIN,2013,55.0958
Finland,FIN,2014,55.271935
Finland,FIN,2015,56.280693
Finland,FIN,2016,57.455666
Finland,FIN,2017,58.88464
Finland,FIN,2018,58.10097
Finland,FIN,2019,58.440796
France,FRA,1990,40.628033
France,FRA,1991,40.906864
France,FRA,1992,42.00623
France,FRA,1993,42.577908
France,FRA,1994,43.298325
France,FRA,1995,44.417713
France,FRA,1996,45.24303
France,FRA,1997,47.492073
France,FRA,1998,49.58453
France,FRA,1999,50.931835
France,FRA,2000,53.307465
France,FRA,2001,54.71325
France,FRA,2002,55.974445
France,FRA,2003,54.45298
France,FRA,2004,54.626713
France,FRA,2005,58.805424
France,FRA,2006,60.341972
France,FRA,2007,61.384407
France,FRA,2008,61.362904
France,FRA,2009,60.533497
France,FRA,2010,62.623447
France,FRA,2011,63.61985
France,FRA,2012,64.426056
France,FRA,2013,64.4049
France,FRA,2014,64.65075
France,FRA,2015,65.6156
France,FRA,2016,65.87519
France,FRA,2017,68.37434
France,FRA,2018,68.86071
France,FRA,2019,68.63126
Germany,DEU,1990,35.48058
Germany,DEU,1991,39.042515
Germany,DEU,1992,40.763165
Germany,DEU,1993,42.447567
Germany,DEU,1994,44.128757
Germany,DEU,1995,45.659077
Germany,DEU,1996,46.71666
Germany,DEU,1997,48.596165
Germany,DEU,1998,49.783123
Germany,DEU,1999,51.45359
Germany,DEU,2000,52.285507
Germany,DEU,2001,53.48152
Germany,DEU,2002,53.929928
Germany,DEU,2003,56.040497
Germany,DEU,2004,57.46974
Germany,DEU,2005,60.835007
Germany,DEU,2006,60.941315
Germany,DEU,2007,63.31257
Germany,DEU,2008,64.230896
Germany,DEU,2009,61.58084
Germany,DEU,2010,63.392994
Germany,DEU,2011,65.64055
Germany,DEU,2012,65.28418
Germany,DEU,2013,65.47312
Germany,DEU,2014,67.03571
Germany,DEU,2015,65.975876
Germany,DEU,2016,67.61837
Germany,DEU,2017,69.84848
Germany,DEU,2018,69.22487
Germany,DEU,2019,68.8512
Greece,GRC,1990,21.163189
Greece,GRC,1991,22.957603
Greece,GRC,1992,22.959055
Greece,GRC,1993,23.204052
Greece,GRC,1994,23.899431
Greece,GRC,1995,24.422226
Greece,GRC,1996,25.27915
Greece,GRC,1997,27.682163
Greece,GRC,1998,28.066174
Greece,GRC,1999,28.65987
Greece,GRC,2000,29.945686
Greece,GRC,2001,31.08533
Greece,GRC,2002,31.685326
Greece,GRC,2003,31.434181
Greece,GRC,2004,32.293423
Greece,GRC,2005,31.981937
Greece,GRC,2006,34.261112
Greece,GRC,2007,34.34362
Greece,GRC,2008,35.341404
Greece,GRC,2009,35.15161
Greece,GRC,2010,34.640182
Greece,GRC,2011,33.544884
Greece,GRC,2012,33.95745
Greece,GRC,2013,34.727486
Greece,GRC,2014,34.524815
Greece,GRC,2015,34.289143
Greece,GRC,2016,33.34414
Greece,GRC,2017,33.359955
Greece,GRC,2018,32.902008
Greece,GRC,2019,33.032787
Hong Kong,HKG,1990,30.08892
Hong Kong,HKG,1991,31.044765
Hong Kong,HKG,1992,35.249393
Hong Kong,HKG,1993,36.32831
Hong Kong,HKG,1994,36.923283
Hong Kong,HKG,1995,38.503506
Hong Kong,HKG,1996,38.27425
Hong Kong,HKG,1997,38.6659
Hong Kong,HKG,1998,36.353676
Hong Kong,HKG,1999,36.439953
Hong Kong,HKG,2000,39.117367
Hong Kong,HKG,2001,40.923954
Hong Kong,HKG,2002,42.99499
Hong Kong,HKG,2003,44.95894
Hong Kong,HKG,2004,50.00593
Hong Kong,HKG,2005,52.222424
Hong Kong,HKG,2006,48.138252
Hong Kong,HKG,2007,49.574165
Hong Kong,HKG,2008,48.996628
Hong Kong,HKG,2009,44.87837
Hong Kong,HKG,2010,47.956963
Hong Kong,HKG,2011,51.55522
Hong Kong,HKG,2012,53.542377
Hong Kong,HKG,2013,58.722065
Hong Kong,HKG,2014,52.201286
Hong Kong,HKG,2015,44.90758
Hong Kong,HKG,2016,44.55309
Hong Kong,HKG,2017,44.372982
Hong Kong,HKG,2018,49.2496
Hong Kong,HKG,2019,49.118412
Hungary,HUN,1990,15.225895
Hungary,HUN,1991,14.861748
Hungary,HUN,1992,16.638283
Hungary,HUN,1993,18.909113
Hungary,HUN,1994,19.135939
Hungary,HUN,1995,19.703987
Hungary,HUN,1996,20.291533
Hungary,HUN,1997,19.881853
Hungary,HUN,1998,19.863832
Hungary,HUN,1999,19.768736
Hungary,HUN,2000,21.24833
Hungary,HUN,2001,22.846094
Hungary,HUN,2002,24.288334
Hungary,HUN,2003,25.020475
Hungary,HUN,2004,24.977934
Hungary,HUN,2005,28.270016
Hungary,HUN,2006,28.380608
Hungary,HUN,2007,29.219303
Hungary,HUN,2008,32.15439
Hungary,HUN,2009,32.217777
Hungary,HUN,2010,34.13525
Hungary,HUN,2011,35.106853
Hungary,HUN,2012,34.620945
Hungary,HUN,2013,34.357777
Hungary,HUN,2014,33.291115
Hungary,HUN,2015,33.037334
Hungary,HUN,2016,31.614153
Hungary,HUN,2017,33.0558
Hungary,HUN,2018,33.815914
Hungary,HUN,2019,34.83344
Iceland,ISL,1990,37.674282
Iceland,ISL,1991,38.367603
Iceland,ISL,1992,36.88827
Iceland,ISL,1993,37.167595
Iceland,ISL,1994,38.65729
Iceland,ISL,1995,37.698425
Iceland,ISL,1996,38.019096
Iceland,ISL,1997,41.168324
Iceland,ISL,1998,41.894547
Iceland,ISL,1999,43.916428
Iceland,ISL,2000,41.566692
Iceland,ISL,2001,42.906994
Iceland,ISL,2002,44.33425
Iceland,ISL,2003,45.291386
Iceland,ISL,2004,47.687218
Iceland,ISL,2005,50.887196
Iceland,ISL,2006,47.754246
Iceland,ISL,2007,49.233704
Iceland,ISL,2008,62.21874
Iceland,ISL,2009,60.839947
Iceland,ISL,2010,56.17161
Iceland,ISL,2011,56.308052
Iceland,ISL,2012,57.967678
Iceland,ISL,2013,56.47683
Iceland,ISL,2014,56.82377
Iceland,ISL,2015,58.148865
Iceland,ISL,2016,58.311256
Iceland,ISL,2017,59.125015
Iceland,ISL,2018,60.209545
Iceland,ISL,2019,64.24422
India,IND,1990,1.7396741
India,IND,1991,1.7505404
India,IND,1992,1.8028334
India,IND,1993,1.8518116
India,IND,1994,1.9338377
India,IND,1995,2.0703006
India,IND,1996,2.2112768
India,IND,1997,2.286061
India,IND,1998,2.450466
India,IND,1999,2.5882545
India,IND,2000,2.6448793
India,IND,2001,2.7175374
India,IND,2002,2.7897158
India,IND,2003,2.9582071
India,IND,2004,3.1424246
India,IND,2005,3.5561693
India,IND,2006,3.982323
India,IND,2007,4.450151
India,IND,2008,4.6965976
India,IND,2009,4.9839163
India,IND,2010,5.6992044
India,IND,2011,6.130244
India,IND,2012,6.6602244
India,IND,2013,6.5481606
India,IND,2014,6.832327
India,IND,2015,7.217728
India,IND,2016,7.6099877
India,IND,2017,8.009788
India,IND,2018,8.536673
India,IND,2019,8.680879
Indonesia,IDN,1990,4.448761
Indonesia,IDN,1991,4.7533717
Indonesia,IDN,1992,5.0228434
Indonesia,IDN,1993,5.3013487
Indonesia,IDN,1994,5.382208
Indonesia,IDN,1995,5.7512407
Indonesia,IDN,1996,6.1446958
Indonesia,IDN,1997,6.1283298
Indonesia,IDN,1998,4.7448893
Indonesia,IDN,1999,4.656925
Indonesia,IDN,2000,4.382114
Indonesia,IDN,2001,4.385334
Indonesia,IDN,2002,4.4666085
Indonesia,IDN,2003,4.4112577
Indonesia,IDN,2004,4.7213187
Indonesia,IDN,2005,5.1756444
Indonesia,IDN,2006,5.662398
Indonesia,IDN,2007,6.0105486
Indonesia,IDN,2008,7.06172
Indonesia,IDN,2009,7.597824
Indonesia,IDN,2010,8.849966
Indonesia,IDN,2011,10.731469
Indonesia,IDN,2012,11.094654
Indonesia,IDN,2013,11.260451
Indonesia,IDN,2014,11.359391
Indonesia,IDN,2015,11.100419
Indonesia,IDN,2016,11.205149
Indonesia,IDN,2017,11.354788
Indonesia,IDN,2018,11.730033
Indonesia,IDN,2019,11.843272
Ireland,IRL,1990,26.439726
Ireland,IRL,1991,27.536348
Ireland,IRL,1992,30.136293
Ireland,IRL,1993,31.908913
Ireland,IRL,1994,32.412807
Ireland,IRL,1995,35.50946
Ireland,IRL,1996,37.13154
Ireland,IRL,1997,40.08107
Ireland,IRL,1998,41.376198
Ireland,IRL,1999,42.902386
Ireland,IRL,2000,46.069473
Ireland,IRL,2001,48.288296
Ireland,IRL,2002,53.845882
Ireland,IRL,2003,58.170265
Ireland,IRL,2004,59.9059
Ireland,IRL,2005,62.796043
Ireland,IRL,2006,62.327534
Ireland,IRL,2007,66.14504
Ireland,IRL,2008,64.22194
Ireland,IRL,2009,67.34492
Ireland,IRL,2010,74.460724
Ireland,IRL,2011,76.79019
Ireland,IRL,2012,78.489105
Ireland,IRL,2013,76.15627
Ireland,IRL,2014,79.81215
Ireland,IRL,2015,100.3916
Ireland,IRL,2016,105.04378
Ireland,IRL,2017,109.488304
Ireland,IRL,2018,112.76292
Ireland,IRL,2019,125.09254
Israel,ISR,1990,31.83879
Israel,ISR,1991,33.014473
Israel,ISR,1992,33.459423
Israel,ISR,1993,33.239883
Israel,ISR,1994,32.52806
Israel,ISR,1995,33.056637
Israel,ISR,1996,33.89172
Israel,ISR,1997,34.920345
Israel,ISR,1998,36.30148
Israel,ISR,1999,37.191696
Israel,ISR,2000,39.284286
Israel,ISR,2001,40.261395
Israel,ISR,2002,39.768715
Israel,ISR,2003,38.233845
Israel,ISR,2004,38.01697
Israel,ISR,2005,37.394157
Israel,ISR,2006,36.933624
Israel,ISR,2007,35.61613
Israel,ISR,2008,34.43854
Israel,ISR,2009,35.472633
Israel,ISR,2010,36.304157
Israel,ISR,2011,37.192833
Israel,ISR,2012,38.331303
Israel,ISR,2013,39.498203
Israel,ISR,2014,39.54524
Israel,ISR,2015,40.402554
Israel,ISR,2016,41.430664
Israel,ISR,2017,41.02011
Israel,ISR,2018,40.3151
Israel,ISR,2019,40.870785
Italy,ITA,1990,36.40853
Italy,ITA,1991,37.00646
Italy,ITA,1992,37.897182
Italy,ITA,1993,38.85644
Italy,ITA,1994,40.806324
Italy,ITA,1995,42.764477
Italy,ITA,1996,43.20181
Italy,ITA,1997,45.140743
Italy,ITA,1998,46.576984
Italy,ITA,1999,47.538704
Italy,ITA,2000,48.2648
Italy,ITA,2001,47.548306
Italy,ITA,2002,46.23609
Italy,ITA,2003,45.945816
Italy,ITA,2004,45.94257
Italy,ITA,2005,47.60363
Italy,ITA,2006,48.333866
Italy,ITA,2007,49.925472
Italy,ITA,2008,51.43633
Italy,ITA,2009,51.19159
Italy,ITA,2010,52.05406
Italy,ITA,2011,53.21145
Italy,ITA,2012,53.286415
Italy,ITA,2013,53.77871
Italy,ITA,2014,53.765285
Italy,ITA,2015,53.381702
Italy,ITA,2016,54.944733
Italy,ITA,2017,56.27207
Italy,ITA,2018,56.152653
Italy,ITA,2019,56.090836
Jamaica,JAM,1990,7.360053
Jamaica,JAM,1991,7.0897293
Jamaica,JAM,1992,7.4436655
Jamaica,JAM,1993,8.020387
Jamaica,JAM,1994,7.858575
Jamaica,JAM,1995,7.676884
Jamaica,JAM,1996,7.796191
Jamaica,JAM,1997,7.8006964
Jamaica,JAM,1998,7.818909
Jamaica,JAM,1999,8.219032
Jamaica,JAM,2000,8.493388
Jamaica,JAM,2001,8.421036
Jamaica,JAM,2002,7.7089267
Japan,JPN,1990,27.704779
Japan,JPN,1991,29.11402
Japan,JPN,1992,30.590227
Japan,JPN,1993,31.973555
Japan,JPN,1994,33.269157
Japan,JPN,1995,34.962364
Japan,JPN,1996,36.679893
Japan,JPN,1997,37.125977
Japan,JPN,1998,37.549026
Japan,JPN,1999,38.38752
Japan,JPN,2000,39.46904
Japan,JPN,2001,39.568127
Japan,JPN,2002,40.303066
Japan,JPN,2003,40.888096
Japan,JPN,2004,41.53163
Japan,JPN,2005,42.49986
Japan,JPN,2006,42.47058
Japan,JPN,2007,43.1645
Japan,JPN,2008,42.903145
Japan,JPN,2009,42.11367
Japan,JPN,2010,43.54393
Japan,JPN,2011,42.942596
Japan,JPN,2012,42.834938
Japan,JPN,2013,43.479416
Japan,JPN,2014,42.72143
Japan,JPN,2015,43.800053
Japan,JPN,2016,42.68171
Japan,JPN,2017,42.422935
Japan,JPN,2018,41.73783
Japan,JPN,2019,42.56412
Latvia,LVA,1995,12.985339
Latvia,LVA,1996,12.997838
Latvia,LVA,1997,12.715266
Latvia,LVA,1998,13.3560705
Latvia,LVA,1999,14.04626
Latvia,LVA,2000,15.379379
Latvia,LVA,2001,16.111881
Latvia,LVA,2002,16.826601
Latvia,LVA,2003,17.188547
Latvia,LVA,2004,18.271309
Latvia,LVA,2005,20.249609
Latvia,LVA,2006,20.295149
Latvia,LVA,2007,21.64383
Latvia,LVA,2008,21.668264
Latvia,LVA,2009,22.450373
Latvia,LVA,2010,24.840263
Latvia,LVA,2011,26.467049
Latvia,LVA,2012,27.315512
Latvia,LVA,2013,26.652649
Latvia,LVA,2014,27.709826
Latvia,LVA,2015,28.915426
Latvia,LVA,2016,29.639683
Latvia,LVA,2017,31.568642
Latvia,LVA,2018,32.110943
Latvia,LVA,2019,33.538006
Lithuania,LTU,1995,13.423672
Lithuania,LTU,1996,13.824675
Lithuania,LTU,1997,14.269204
Lithuania,LTU,1998,14.452004
Lithuania,LTU,1999,15.718054
Lithuania,LTU,2000,16.39442
Lithuania,LTU,2001,18.375858
Lithuania,LTU,2002,18.405815
Lithuania,LTU,2003,20.024971
Lithuania,LTU,2004,19.407793
Lithuania,LTU,2005,21.624893
Lithuania,LTU,2006,23.029945
Lithuania,LTU,2007,24.129486
Lithuania,LTU,2008,25.523405
Lithuania,LTU,2009,24.81404
Lithuania,LTU,2010,27.068996
Lithuania,LTU,2011,30.08933
Lithuania,LTU,2012,31.269558
Lithuania,LTU,2013,31.211437
Lithuania,LTU,2014,31.880714
Lithuania,LTU,2015,31.018784
Lithuania,LTU,2016,30.58074
Lithuania,LTU,2017,32.991947
Lithuania,LTU,2018,33.26906
Lithuania,LTU,2019,34.452484
Luxembourg,LUX,1990,48.39339
Luxembourg,LUX,1991,52.240227
Luxembourg,LUX,1992,52.31414
Luxembourg,LUX,1993,54.948154
Luxembourg,LUX,1994,57.205894
Luxembourg,LUX,1995,55.88858
Luxembourg,LUX,1996,55.281155
Luxembourg,LUX,1997,58.60165
Luxembourg,LUX,1998,61.02755
Luxembourg,LUX,1999,65.29109
Luxembourg,LUX,2000,68.86972
Luxembourg,LUX,2001,62.06307
Luxembourg,LUX,2002,59.05566
Luxembourg,LUX,2003,56.653072
Luxembourg,LUX,2004,51.67782
Luxembourg,LUX,2005,64.665146
Luxembourg,LUX,2006,61.935383
Luxembourg,LUX,2007,62.911896
Luxembourg,LUX,2008,59.389694
Luxembourg,LUX,2009,56.49086
Luxembourg,LUX,2010,63.204834
Luxembourg,LUX,2011,61.924755
Luxembourg,LUX,2012,64.0331
Luxembourg,LUX,2013,61.830307
Luxembourg,LUX,2014,71.58993
Luxembourg,LUX,2015,76.55745
Luxembourg,LUX,2016,80.007385
Luxembourg,LUX,2017,83.16536
Luxembourg,LUX,2018,79.94896
Luxembourg,LUX,2019,80.32644
Malaysia,MYS,1990,10.988868
Malaysia,MYS,1991,11.859501
Malaysia,MYS,1992,12.286084
Malaysia,MYS,1993,12.821822
Malaysia,MYS,1994,13.659403
Malaysia,MYS,1995,14.970428
Malaysia,MYS,1996,14.883565
Malaysia,MYS,1997,15.305839
Malaysia,MYS,1998,13.057715
Malaysia,MYS,1999,13.360628
Malaysia,MYS,2000,14.736472
Malaysia,MYS,2001,14.409602
Malaysia,MYS,2002,14.822029
Malaysia,MYS,2003,15.311852
Malaysia,MYS,2004,16.641
Malaysia,MYS,2005,18.53259
Malaysia,MYS,2006,18.568468
Malaysia,MYS,2007,20.199362
Malaysia,MYS,2008,22.691992
Malaysia,MYS,2009,20.84442
Malaysia,MYS,2010,20.954391
Malaysia,MYS,2011,22.940886
Malaysia,MYS,2012,24.051357
Malaysia,MYS,2013,24.076591
Malaysia,MYS,2014,23.687654
Malaysia,MYS,2015,23.080912
Malaysia,MYS,2016,23.226147
Malaysia,MYS,2017,23.654076
Malaysia,MYS,2018,24.144674
Malaysia,MYS,2019,24.75438
Malta,MLT,1994,20.509079
Malta,MLT,1995,19.842632
Malta,MLT,1996,19.611084
Malta,MLT,1997,22.516294
Malta,MLT,1998,23.294172
Malta,MLT,1999,24.528719
Malta,MLT,2000,30.381235
Malta,MLT,2001,27.799385
Malta,MLT,2002,27.716108
Malta,MLT,2003,29.634447
Malta,MLT,2004,29.351349
Malta,MLT,2005,31.79536
Malta,MLT,2006,30.756136
Malta,MLT,2007,31.78621
Malta,MLT,2008,30.899437
Malta,MLT,2009,30.773615
Malta,MLT,2010,32.50011
Malta,MLT,2011,34.37887
Malta,MLT,2012,34.928337
Malta,MLT,2013,33.386295
Malta,MLT,2014,34.085976
Malta,MLT,2015,39.66399
Malta,MLT,2016,38.347702
Malta,MLT,2017,39.21617
Malta,MLT,2018,41.81593
Malta,MLT,2019,40.627483
Mexico,MEX,1990,16.928875
Mexico,MEX,1991,17.094788
Mexico,MEX,1992,17.213825
Mexico,MEX,1993,17.013998
Mexico,MEX,1994,17.302423
Mexico,MEX,1995,16.148466
Mexico,MEX,1996,15.773345
Mexico,MEX,1997,16.18199
Mexico,MEX,1998,17.368303
Mexico,MEX,1999,16.686592
Mexico,MEX,2000,17.833534
Mexico,MEX,2001,17.659796
Mexico,MEX,2002,16.67666
Mexico,MEX,2003,16.991592
Mexico,MEX,2004,17.613306
Mexico,MEX,2005,18.715185
Mexico,MEX,2006,19.174133
Mexico,MEX,2007,19.612604
Mexico,MEX,2008,19.282133
Mexico,MEX,2009,19.709696
Mexico,MEX,2010,19.41408
Mexico,MEX,2011,21.060549
Mexico,MEX,2012,21.422895
Mexico,MEX,2013,21.144402
Mexico,MEX,2014,21.27103
Mexico,MEX,2015,20.835148
Mexico,MEX,2016,21.068047
Mexico,MEX,2017,21.020313
Mexico,MEX,2018,20.987122
Mexico,MEX,2019,20.339481
Myanmar,MMR,1990,0.8488936
Myanmar,MMR,1991,0.85160065
Myanmar,MMR,1992,0.98256105
Myanmar,MMR,1993,1.0339866
Myanmar,MMR,1994,1.0573412
Myanmar,MMR,1995,1.0921623
Myanmar,MMR,1996,1.0761168
Myanmar,MMR,1997,1.1003945
Myanmar,MMR,1998,1.1736172
Myanmar,MMR,1999,1.131848
Myanmar,MMR,2000,1.132055
Myanmar,MMR,2001,1.1956207
Myanmar,MMR,2002,1.331625
Myanmar,MMR,2003,1.4841847
Myanmar,MMR,2004,1.6281185
Myanmar,MMR,2005,1.8151124
Myanmar,MMR,2006,2.0273707
Myanmar,MMR,2007,2.3407452
Myanmar,MMR,2008,2.6477537
Myanmar,MMR,2009,3.1216426
Myanmar,MMR,2010,3.7181845
Myanmar,MMR,2011,4.0852246
Myanmar,MMR,2012,3.299412
Myanmar,MMR,2013,4.6283817
Myanmar,MMR,2014,4.8591337
Myanmar,MMR,2015,4.738345
Myanmar,MMR,2016,4.711011
Myanmar,MMR,2017,4.7354836
Myanmar,MMR,2018,4.774512
Myanmar,MMR,2019,5.147914
Netherlands,NLD,1990,42.341084
Netherlands,NLD,1991,43.16381
Netherlands,NLD,1992,43.048706
Netherlands,NLD,1993,44.567387
Netherlands,NLD,1994,45.287746
Netherlands,NLD,1995,46.16416
Netherlands,NLD,1996,46.58419
Netherlands,NLD,1997,48.85034
Netherlands,NLD,1998,49.452793
Netherlands,NLD,1999,51.94019
Netherlands,NLD,2000,56.511986
Netherlands,NLD,2001,56.631924
Netherlands,NLD,2002,57.185432
Netherlands,NLD,2003,57.887104
Netherlands,NLD,2004,58.761932
Netherlands,NLD,2005,66.80439
Netherlands,NLD,2006,67.05721
Netherlands,NLD,2007,69.592285
Netherlands,NLD,2008,71.34044
Netherlands,NLD,2009,66.42687
Netherlands,NLD,2010,67.39713
Netherlands,NLD,2011,68.47871
Netherlands,NLD,2012,70.78001
Netherlands,NLD,2013,74.74744
Netherlands,NLD,2014,70.81941
Netherlands,NLD,2015,69.6892
Netherlands,NLD,2016,68.148186
Netherlands,NLD,2017,70.61846
Netherlands,NLD,2018,70.12136
Netherlands,NLD,2019,69.77961
New Zealand,NZL,1990,28.456034
New Zealand,NZL,1991,28.466188
New Zealand,NZL,1992,28.873158
New Zealand,NZL,1993,29.425865
New Zealand,NZL,1994,30.06471
New Zealand,NZL,1995,30.408707
New Zealand,NZL,1996,31.179928
New Zealand,NZL,1997,32.43919
New Zealand,NZL,1998,33.185
New Zealand,NZL,1999,34.4251
New Zealand,NZL,2000,34.19455
New Zealand,NZL,2001,34.61917
New Zealand,NZL,2002,34.656883
New Zealand,NZL,2003,35.050877
New Zealand,NZL,2004,33.844494
New Zealand,NZL,2005,34.581734
New Zealand,NZL,2006,34.55735
New Zealand,NZL,2007,36.66018
New Zealand,NZL,2008,37.040737
New Zealand,NZL,2009,38.593353
New Zealand,NZL,2010,39.632904
New Zealand,NZL,2011,41.13166
New Zealand,NZL,2012,41.361797
New Zealand,NZL,2013,41.392303
New Zealand,NZL,2014,41.358177
New Zealand,NZL,2015,41.29625
New Zealand,NZL,2016,42.350384
New Zealand,NZL,2017,42.7376
New Zealand,NZL,2018,42.714916
New Zealand,NZL,2019,44.547375
Norway,NOR,1990,44.95071
Norway,NOR,1991,45.559517
Norway,NOR,1992,46.800808
Norway,NOR,1993,47.055927
Norway,NOR,1994,48.30773
Norway,NOR,1995,51.57199
Norway,NOR,1996,57.040657
Norway,NOR,1997,58.731735
Norway,NOR,1998,54.6418
Norway,NOR,1999,60.438477
Norway,NOR,2000,74.944664
Norway,NOR,2001,77.07967
Norway,NOR,2002,75.60525
Norway,NOR,2003,83.69843
Norway,NOR,2004,88.14824
Norway,NOR,2005,108.196556
Norway,NOR,2006,114.72537
Norway,NOR,2007,111.84552
Norway,NOR,2008,123.31775
Norway,NOR,2009,106.1077
Norway,NOR,2010,114.91975
Norway,NOR,2011,124.166626
Norway,NOR,2012,129.02542
Norway,NOR,2013,125.781
Norway,NOR,2014,116.55276
Norway,NOR,2015,97.47578
Norway,NOR,2016,93.00969
Norway,NOR,2017,96.84903
Norway,NOR,2018,103.562225
Norway,NOR,2019,100.325645
Pakistan,PAK,1990,4.7315207
Pakistan,PAK,1991,4.929509
Pakistan,PAK,1992,5.1446376
Pakistan,PAK,1993,5.2175946
Pakistan,PAK,1994,5.111992
Pakistan,PAK,1995,5.34702
Pakistan,PAK,1996,5.436995
Pakistan,PAK,1997,5.207888
Pakistan,PAK,1998,5.3142533
Pakistan,PAK,1999,5.235243
Pakistan,PAK,2000,5.16124
Pakistan,PAK,2001,5.00235
Pakistan,PAK,2002,5.0142965
Pakistan,PAK,2003,4.9974833
Pakistan,PAK,2004,5.2737136
Pakistan,PAK,2005,5.555181
Pakistan,PAK,2006,5.891027
Pakistan,PAK,2007,6.230948
Pakistan,PAK,2008,6.432141
Pakistan,PAK,2009,6.6205926
Pakistan,PAK,2010,6.673804
Pakistan,PAK,2011,7.190615
Pakistan,PAK,2012,7.303584
Pakistan,PAK,2013,7.2498655
Pakistan,PAK,2014,7.532263
Pakistan,PAK,2015,7.966741
Pakistan,PAK,2016,7.953004
Pakistan,PAK,2017,8.322207
Pakistan,PAK,2018,8.668698
Pakistan,PAK,2019,8.772413
Peru,PER,1990,4.977477
Peru,PER,1991,4.8743596
Peru,PER,1992,4.9737883
Peru,PER,1993,5.1729245
Peru,PER,1994,5.73697
Peru,PER,1995,6.102011
Peru,PER,1996,6.2091656
Peru,PER,1997,6.4707785
Peru,PER,1998,6.0912576
Peru,PER,1999,5.917506
Peru,PER,2000,5.830105
Peru,PER,2001,5.7824183
Peru,PER,2002,6.0206456
Peru,PER,2003,6.279441
Peru,PER,2004,6.6183205
Peru,PER,2005,7.1518135
Peru,PER,2006,7.8262706
Peru,PER,2007,8.373975
Peru,PER,2008,8.944306
Peru,PER,2009,8.764146
Peru,PER,2010,9.678762
Peru,PER,2011,10.373608
Peru,PER,2012,10.701444
Peru,PER,2013,10.763198
Peru,PER,2014,10.657607
Peru,PER,2015,10.481914
Peru,PER,2016,10.576797
Peru,PER,2017,10.748999
Peru,PER,2018,10.917692
Peru,PER,2019,11.008161
Philippines,PHL,1990,5.263715
Philippines,PHL,1991,5.315545
Philippines,PHL,1992,5.355078
Philippines,PHL,1993,5.6790833
Philippines,PHL,1994,6.1158614
Philippines,PHL,1995,6.683218
Philippines,PHL,1996,6.9570694
Philippines,PHL,1997,6.567474
Philippines,PHL,1998,6.0739584
Philippines,PHL,1999,5.740606
Philippines,PHL,2000,5.7828255
Philippines,PHL,2001,5.928682
Philippines,PHL,2002,5.8759704
Philippines,PHL,2003,5.8353586
Philippines,PHL,2004,5.8045473
Philippines,PHL,2005,5.94461
Philippines,PHL,2006,6.157087
Philippines,PHL,2007,6.353869
Philippines,PHL,2008,6.639924
Philippines,PHL,2009,6.683566
Philippines,PHL,2010,7.1145678
Philippines,PHL,2011,7.5580993
Philippines,PHL,2012,7.963308
Philippines,PHL,2013,8.149555
Philippines,PHL,2014,8.372548
Philippines,PHL,2015,8.691644
Philippines,PHL,2016,8.84958
Philippines,PHL,2017,9.45045
Philippines,PHL,2018,9.835632
Philippines,PHL,2019,9.929681
Poland,POL,1995,15.280071
Poland,POL,1996,16.28021
Poland,POL,1997,16.8928
Poland,POL,1998,17.336582
Poland,POL,1999,18.164156
Poland,POL,2000,19.336899
Poland,POL,2001,19.847076
Poland,POL,2002,20.997034
Poland,POL,2003,21.38104
Poland,POL,2004,21.902554
Poland,POL,2005,22.63348
Poland,POL,2006,22.724333
Poland,POL,2007,23.69253
Poland,POL,2008,24.393005
Poland,POL,2009,25.316256
Poland,POL,2010,28.597836
Poland,POL,2011,30.57005
Poland,POL,2012,31.27495
Poland,POL,2013,31.29155
Poland,POL,2014,31.03163
Poland,POL,2015,31.873243
Poland,POL,2016,32.267654
Poland,POL,2017,33.66429
Poland,POL,2018,35.659782
Poland,POL,2019,37.07774
Portugal,PRT,1990,17.784199
Portugal,PRT,1991,18.72974
Portugal,PRT,1992,19.302189
Portugal,PRT,1993,20.290115
Portugal,PRT,1994,21.667118
Portugal,PRT,1995,22.206059
Portugal,PRT,1996,22.428747
Portugal,PRT,1997,23.751776
Portugal,PRT,1998,24.190683
Portugal,PRT,1999,25.367647
Portugal,PRT,2000,26.207767
Portugal,PRT,2001,25.943388
Portugal,PRT,2002,26.039156
Portugal,PRT,2003,26.247849
Portugal,PRT,2004,26.312006
Portugal,PRT,2005,29.04467
Portugal,PRT,2006,30.45835
Portugal,PRT,2007,30.840103
Portugal,PRT,2008,30.853395
Portugal,PRT,2009,31.094946
Portugal,PRT,2010,32.866035
Portugal,PRT,2011,33.312737
Portugal,PRT,2012,34.97005
Portugal,PRT,2013,34.65448
Portugal,PRT,2014,34.053814
Portugal,PRT,2015,34.318027
Portugal,PRT,2016,34.488335
Portugal,PRT,2017,34.622093
Portugal,PRT,2018,34.43423
Portugal,PRT,2019,35.147415
Romania,ROU,1995,9.537234
Romania,ROU,1996,9.799868
Romania,ROU,1997,9.259782
Romania,ROU,1998,9.025296
Romania,ROU,1999,9.093931
Romania,ROU,2000,9.405514
Romania,ROU,2001,10.246421
Romania,ROU,2002,11.634535
Romania,ROU,2003,12.937392
Romania,ROU,2004,14.169445
Romania,ROU,2005,14.945911
Romania,ROU,2006,17.121294
Romania,ROU,2007,19.056839
Romania,ROU,2008,22.216656
Romania,ROU,2009,22.136011
Romania,ROU,2010,23.572714
Romania,ROU,2011,23.93335
Romania,ROU,2012,25.482965
Romania,ROU,2013,25.733467
Romania,ROU,2014,26.374271
Romania,ROU,2015,28.203129
Romania,ROU,2016,29.556286
Romania,ROU,2017,32.271114
Romania,ROU,2018,33.27176
Romania,ROU,2019,34.723377
Russia,RUS,1992,16.142405
Russia,RUS,1993,14.020465
Russia,RUS,1994,12.63095
Russia,RUS,1995,12.229894
Russia,RUS,1996,12.037783
Russia,RUS,1997,11.550307
Russia,RUS,1998,10.657077
Russia,RUS,1999,10.068819
Russia,RUS,2000,11.213559
Russia,RUS,2001,11.383333
Russia,RUS,2002,11.556682
Russia,RUS,2003,12.55836
Russia,RUS,2004,13.977831
Russia,RUS,2005,15.850032
Russia,RUS,2006,18.233566
Russia,RUS,2007,20.971571
Russia,RUS,2008,24.01428
Russia,RUS,2009,22.15608
Russia,RUS,2010,24.944563
Russia,RUS,2011,28.113
Russia,RUS,2012,29.995682
Russia,RUS,2013,29.840853
Russia,RUS,2014,28.953226
Russia,RUS,2015,25.837358
Russia,RUS,2016,25.788391
Russia,RUS,2017,27.446236
Russia,RUS,2018,29.06468
Russia,RUS,2019,29.547054
Singapore,SGP,1990,23.198656
Singapore,SGP,1991,21.36511
Singapore,SGP,1992,20.746096
Singapore,SGP,1993,19.97827
Singapore,SGP,1994,18.425158
Singapore,SGP,1995,18.623278
Singapore,SGP,1996,22.307873
Singapore,SGP,1997,21.954796
Singapore,SGP,1998,24.276775
Singapore,SGP,1999,24.299772
Singapore,SGP,2000,30.42399
Singapore,SGP,2001,29.471651
Singapore,SGP,2002,31.106705
Singapore,SGP,2003,30.018806
Singapore,SGP,2004,33.862076
Singapore,SGP,2005,44.355186
Singapore,SGP,2006,46.44072
Singapore,SGP,2007,46.967743
Singapore,SGP,2008,40.87993
Singapore,SGP,2009,39.941437
Singapore,SGP,2010,47.979073
Singapore,SGP,2011,50.826103
Singapore,SGP,2012,49.144577
Singapore,SGP,2013,46.140568
Singapore,SGP,2014,49.082344
Singapore,SGP,2015,48.794605
Singapore,SGP,2016,49.45969
Singapore,SGP,2017,54.29878
Singapore,SGP,2018,55.62514
Singapore,SGP,2019,54.55258
Slovakia,SVK,1990,23.29104
Slovakia,SVK,1991,19.993107
Slovakia,SVK,1992,19.910147
Slovakia,SVK,1993,20.169422
Slovakia,SVK,1994,21.292253
Slovakia,SVK,1995,21.491716
Slovakia,SVK,1996,22.733274
Slovakia,SVK,1997,23.491076
Slovakia,SVK,1998,23.097233
Slovakia,SVK,1999,22.678707
Slovakia,SVK,2000,24.144154
Slovakia,SVK,2001,25.50519
Slovakia,SVK,2002,26.593657
Slovakia,SVK,2003,27.36018
Slovakia,SVK,2004,26.86491
Slovakia,SVK,2005,29.709795
Slovakia,SVK,2006,30.855715
Slovakia,SVK,2007,32.386356
Slovakia,SVK,2008,34.62105
Slovakia,SVK,2009,33.67581
Slovakia,SVK,2010,37.117123
Slovakia,SVK,2011,37.21693
Slovakia,SVK,2012,37.538563
Slovakia,SVK,2013,36.791916
Slovakia,SVK,2014,37.956326
Slovakia,SVK,2015,37.41844
Slovakia,SVK,2016,35.256275
Slovakia,SVK,2017,35.165665
Slovakia,SVK,2018,35.154427
Slovakia,SVK,2019,35.82719
Slovenia,SVN,1995,25.936514
Slovenia,SVN,1996,27.861086
Slovenia,SVN,1997,29.07035
Slovenia,SVN,1998,28.589737
Slovenia,SVN,1999,29.04555
Slovenia,SVN,2000,30.183662
Slovenia,SVN,2001,30.578573
Slovenia,SVN,2002,30.27885
Slovenia,SVN,2003,31.049395
Slovenia,SVN,2004,31.913849
Slovenia,SVN,2005,35.70346
Slovenia,SVN,2006,35.830597
Slovenia,SVN,2007,36.134407
Slovenia,SVN,2008,38.628654
Slovenia,SVN,2009,36.110195
Slovenia,SVN,2010,37.615192
Slovenia,SVN,2011,40.164043
Slovenia,SVN,2012,40.54615
Slovenia,SVN,2013,40.011208
Slovenia,SVN,2014,39.85244
Slovenia,SVN,2015,38.51726
Slovenia,SVN,2016,39.546898
Slovenia,SVN,2017,40.554752
Slovenia,SVN,2018,42.5601
Slovenia,SVN,2019,42.50005
South Africa,ZAF,2001,14.418629
South Africa,ZAF,2002,14.43183
South Africa,ZAF,2003,15.460175
South Africa,ZAF,2004,16.013725
South Africa,ZAF,2005,16.981928
South Africa,ZAF,2006,16.608631
South Africa,ZAF,2007,17.33961
South Africa,ZAF,2008,17.446796
South Africa,ZAF,2009,17.575262
South Africa,ZAF,2010,18.785038
South Africa,ZAF,2011,18.793608
South Africa,ZAF,2012,19.016754
South Africa,ZAF,2013,18.848959
South Africa,ZAF,2014,18.931772
South Africa,ZAF,2016,17.885271
South Africa,ZAF,2017,18.054855
South Africa,ZAF,2018,17.883596
South Africa,ZAF,2019,17.969189
South Korea,KOR,1990,12.182273
South Korea,KOR,1991,13.509274
South Korea,KOR,1992,14.439435
South Korea,KOR,1993,15.54809
South Korea,KOR,1994,17.106663
South Korea,KOR,1995,18.621534
South Korea,KOR,1996,20.472479
South Korea,KOR,1997,20.179276
South Korea,KOR,1998,19.581148
South Korea,KOR,1999,21.307796
South Korea,KOR,2000,21.869509
South Korea,KOR,2001,22.238785
South Korea,KOR,2002,23.674788
South Korea,KOR,2003,25.069714
South Korea,KOR,2004,26.519978
South Korea,KOR,2005,28.836796
South Korea,KOR,2006,29.512959
South Korea,KOR,2007,31.401978
South Korea,KOR,2008,32.576744
South Korea,KOR,2009,32.299507
South Korea,KOR,2010,34.401585
South Korea,KOR,2011,34.31749
South Korea,KOR,2012,34.104088
South Korea,KOR,2013,33.014214
South Korea,KOR,2014,34.302982
South Korea,KOR,2015,35.88307
South Korea,KOR,2016,36.87733
South Korea,KOR,2017,39.083927
South Korea,KOR,2018,40.092373
South Korea,KOR,2019,40.768528
Spain,ESP,1990,29.706087
Spain,ESP,1991,30.560263
Spain,ESP,1992,31.970045
Spain,ESP,1993,33.561295
Spain,ESP,1994,35.232494
Spain,ESP,1995,36.420605
Spain,ESP,1996,37.20397
Spain,ESP,1997,38.65604
Spain,ESP,1998,39.347706
Spain,ESP,1999,39.084496
Spain,ESP,2000,39.56358
Spain,ESP,2001,39.063046
Spain,ESP,2002,39.386444
Spain,ESP,2003,38.99506
Spain,ESP,2004,39.34177
Spain,ESP,2005,42.210934
Spain,ESP,2006,44.520966
Spain,ESP,2007,46.45947
Spain,ESP,2008,47.022587
Spain,ESP,2009,48.159397
Spain,ESP,2010,48.991467
Spain,ESP,2011,49.908657
Spain,ESP,2012,52.12421
Spain,ESP,2013,52.641403
Spain,ESP,2014,52.219486
Spain,ESP,2015,53.697327
Spain,ESP,2016,54.58749
Spain,ESP,2017,56.063015
Spain,ESP,2018,55.855927
Spain,ESP,2019,56.31081
Sri Lanka,LKA,1990,5.8184776
Sri Lanka,LKA,1991,5.9432445
Sri Lanka,LKA,1992,6.4665484
Sri Lanka,LKA,1993,6.633952
Sri Lanka,LKA,1994,7.239582
Sri Lanka,LKA,1995,7.3714666
Sri Lanka,LKA,1996,7.525279
Sri Lanka,LKA,1997,7.9399147
Sri Lanka,LKA,1998,7.8684635
Sri Lanka,LKA,1999,7.744222
Sri Lanka,LKA,2000,7.3130565
Sri Lanka,LKA,2001,7.4968944
Sri Lanka,LKA,2002,8.34636
Sri Lanka,LKA,2003,8.783546
Sri Lanka,LKA,2004,8.072611
Sri Lanka,LKA,2005,8.027195
Sri Lanka,LKA,2006,9.716973
Sri Lanka,LKA,2007,10.624909
Sri Lanka,LKA,2008,10.802232
Sri Lanka,LKA,2009,12.216344
Sri Lanka,LKA,2010,12.932431
Sri Lanka,LKA,2011,13.874193
Sri Lanka,LKA,2012,15.157523
Sri Lanka,LKA,2013,16.48785
Sri Lanka,LKA,2014,16.443434
Sri Lanka,LKA,2015,16.714605
Sri Lanka,LKA,2016,17.275408
Sri Lanka,LKA,2017,17.048513
Sri Lanka,LKA,2018,17.891243
Sri Lanka,LKA,2019,18.01952
Sweden,SWE,1990,36.176434
Sweden,SWE,1991,36.896164
Sweden,SWE,1992,37.865353
Sweden,SWE,1993,37.79536
Sweden,SWE,1994,39.588776
Sweden,SWE,1995,41.539886
Sweden,SWE,1996,42.876877
Sweden,SWE,1997,44.848827
Sweden,SWE,1998,45.998344
Sweden,SWE,1999,47.301346
Sweden,SWE,2000,49.93068
Sweden,SWE,2001,48.27664
Sweden,SWE,2002,49.211044
Sweden,SWE,2003,51.32245
Sweden,SWE,2004,53.313663
Sweden,SWE,2005,55.468353
Sweden,SWE,2006,56.860283
Sweden,SWE,2007,58.842804
Sweden,SWE,2008,59.523712
Sweden,SWE,2009,57.281887
Sweden,SWE,2010,58.980328
Sweden,SWE,2011,61.892174
Sweden,SWE,2012,62.106907
Sweden,SWE,2013,61.808903
Sweden,SWE,2014,61.54204
Sweden,SWE,2015,63.007225
Sweden,SWE,2016,62.609314
Sweden,SWE,2017,64.33747
Sweden,SWE,2018,63.764103
Sweden,SWE,2019,65.53587
Switzerland,CHE,1990,42.746082
Switzerland,CHE,1991,41.561443
Switzerland,CHE,1992,42.012085
Switzerland,CHE,1993,42.976044
Switzerland,CHE,1994,43.79015
Switzerland,CHE,1995,45.12358
Switzerland,CHE,1996,46.428757
Switzerland,CHE,1997,48.614483
Switzerland,CHE,1998,49.182507
Switzerland,CHE,1999,49.913273
Switzerland,CHE,2000,50.3207
Switzerland,CHE,2001,50.60761
Switzerland,CHE,2002,51.1782
Switzerland,CHE,2003,51.978863
Switzerland,CHE,2004,52.806225
Switzerland,CHE,2005,57.021378
Switzerland,CHE,2006,59.944504
Switzerland,CHE,2007,64.84992
Switzerland,CHE,2008,68.55738
Switzerland,CHE,2009,67.56619
Switzerland,CHE,2010,70.88482
Switzerland,CHE,2011,76.303345
Switzerland,CHE,2012,78.00944
Switzerland,CHE,2013,77.79825
Switzerland,CHE,2014,78.753746
Switzerland,CHE,2015,77.436226
Switzerland,CHE,2016,77.82247
Switzerland,CHE,2017,80.58823
Switzerland,CHE,2018,81.968315
Switzerland,CHE,2019,82.918655
Taiwan,TWN,1990,23.624458
Taiwan,TWN,1991,25.034227
Taiwan,TWN,1992,26.252848
Taiwan,TWN,1993,27.145975
Taiwan,TWN,1994,28.447737
Taiwan,TWN,1995,29.068552
Taiwan,TWN,1996,31.709291
Taiwan,TWN,1997,34.076534
Taiwan,TWN,1998,34.718487
Taiwan,TWN,1999,36.13546
Taiwan,TWN,2000,37.698467
Taiwan,TWN,2001,38.410152
Taiwan,TWN,2002,39.60988
Taiwan,TWN,2003,39.98505
Taiwan,TWN,2004,40.77388
Taiwan,TWN,2005,43.20862
Taiwan,TWN,2006,42.848755
Taiwan,TWN,2007,43.57065
Taiwan,TWN,2008,42.69296
Taiwan,TWN,2009,41.856335
Taiwan,TWN,2010,44.5601
Taiwan,TWN,2011,45.668552
Taiwan,TWN,2012,45.23482
Taiwan,TWN,2013,44.61669
Taiwan,TWN,2015,43.036137
Taiwan,TWN,2016,43.07984
Taiwan,TWN,2017,44.999302
Taiwan,TWN,2018,45.001755
Taiwan,TWN,2019,46.014313
Thailand,THA,1990,4.526281
Thailand,THA,1991,4.676503
Thailand,THA,1992,4.9308076
Thailand,THA,1993,5.5268965
Thailand,THA,1994,5.9042473
Thailand,THA,1995,6.5853
Thailand,THA,1996,7.4958553
Thailand,THA,1997,6.877873
Thailand,THA,1998,5.889067
Thailand,THA,1999,6.183715
Thailand,THA,2000,6.1977625
Thailand,THA,2001,6.5658803
Thailand,THA,2002,6.9211497
Thailand,THA,2003,7.300802
Thailand,THA,2004,7.6645355
Thailand,THA,2005,8.444663
Thailand,THA,2006,8.8521385
Thailand,THA,2007,9.2954645
Thailand,THA,2008,9.652878
Thailand,THA,2009,9.282351
Thailand,THA,2010,10.453212
Thailand,THA,2011,11.046585
Thailand,THA,2012,12.355092
Thailand,THA,2013,12.694019
Thailand,THA,2014,12.534133
Thailand,THA,2015,12.897164
Thailand,THA,2016,13.135729
Thailand,THA,2017,14.745839
Thailand,THA,2018,14.859359
Thailand,THA,2019,15.167234
Trinidad and Tobago,TTO,1991,22.889187
Trinidad and Tobago,TTO,1992,21.78846
Trinidad and Tobago,TTO,1993,20.282984
Trinidad and Tobago,TTO,1994,19.54792
Trinidad and Tobago,TTO,1995,18.79509
Trinidad and Tobago,TTO,1996,17.768461
Trinidad and Tobago,TTO,1997,17.40852
Trinidad and Tobago,TTO,1998,16.4345
Trinidad and Tobago,TTO,1999,18.962158
Trinidad and Tobago,TTO,2000,22.101263
Trinidad and Tobago,TTO,2001,20.48534
Trinidad and Tobago,TTO,2002,21.240498
Turkey,TUR,1990,18.645437
Turkey,TUR,1991,17.0931
Turkey,TUR,1992,17.62716
Turkey,TUR,1993,20.266287
Turkey,TUR,1994,17.478455
Turkey,TUR,1995,19.02518
Turkey,TUR,1996,20.25807
Turkey,TUR,1997,21.55358
Turkey,TUR,1998,20.888668
Turkey,TUR,1999,19.306677
Turkey,TUR,2000,21.29033
Turkey,TUR,2001,20.841036
Turkey,TUR,2002,20.80566
Turkey,TUR,2003,20.569073
Turkey,TUR,2004,23.346582
Turkey,TUR,2005,25.003391
Turkey,TUR,2006,27.891794
Turkey,TUR,2007,30.429176
Turkey,TUR,2008,31.903471
Turkey,TUR,2009,31.13515
Turkey,TUR,2010,33.744137
Turkey,TUR,2011,35.660713
Turkey,TUR,2012,36.57103
Turkey,TUR,2013,38.42478
Turkey,TUR,2014,39.79341
Turkey,TUR,2015,41.47944
Turkey,TUR,2016,40.536507
Turkey,TUR,2017,41.799202
Turkey,TUR,2018,43.00543
Turkey,TUR,2019,43.692204
United Kingdom,GBR,1990,31.00492
United Kingdom,GBR,1991,31.34582
United Kingdom,GBR,1992,32.18279
United Kingdom,GBR,1993,33.45371
United Kingdom,GBR,1994,33.91728
United Kingdom,GBR,1995,36.779327
United Kingdom,GBR,1996,38.637474
United Kingdom,GBR,1997,40.242714
United Kingdom,GBR,1998,41.010826
United Kingdom,GBR,1999,42.357723
United Kingdom,GBR,2000,44.76795
United Kingdom,GBR,2001,45.33829
United Kingdom,GBR,2002,45.502758
United Kingdom,GBR,2003,46.255444
United Kingdom,GBR,2004,46.993843
United Kingdom,GBR,2005,49.651768
United Kingdom,GBR,2006,50.061077
United Kingdom,GBR,2007,49.39457
United Kingdom,GBR,2008,50.692265
United Kingdom,GBR,2009,48.38714
United Kingdom,GBR,2010,51.329544
United Kingdom,GBR,2011,51.850594
United Kingdom,GBR,2012,52.153336
United Kingdom,GBR,2013,53.171543
United Kingdom,GBR,2014,52.07599
United Kingdom,GBR,2015,53.37609
United Kingdom,GBR,2016,53.079872
United Kingdom,GBR,2017,54.676918
United Kingdom,GBR,2018,54.799587
United Kingdom,GBR,2019,54.34881
United States,USA,1990,45.16287
United States,USA,1991,45.744625
United States,USA,1992,47.651917
United States,USA,1993,48.10981
United States,USA,1994,48.650463
United States,USA,1995,49.04458
United States,USA,1996,50.09086
United States,USA,1997,51.070477
United States,USA,1998,52.246185
United States,USA,1999,53.717453
United States,USA,2000,55.11331
United States,USA,2001,56.182423
United States,USA,2002,57.68048
United States,USA,2003,59.586433
United States,USA,2004,61.241177
United States,USA,2005,62.52242
United States,USA,2006,63.186916
United States,USA,2007,63.884613
United States,USA,2008,64.56712
United States,USA,2009,66.34159
United States,USA,2010,68.20562
United States,USA,2011,68.31264
United States,USA,2012,68.82278
United States,USA,2013,69.43636
United States,USA,2014,70.00538
United States,USA,2015,70.63671
United States,USA,2016,70.92089
United States,USA,2017,71.63857
United States,USA,2018,72.48703
United States,USA,2019,73.7004
Uruguay,URY,1990,13.299828
Uruguay,URY,1991,13.903573
Uruguay,URY,1992,15.332535
Uruguay,URY,1993,16.012783
Uruguay,URY,1994,16.9259
Uruguay,URY,1995,16.467913
Uruguay,URY,1996,17.332657
Uruguay,URY,1997,17.354332
Uruguay,URY,1998,17.478636
Uruguay,URY,1999,16.867584
Uruguay,URY,2000,16.522802
Uruguay,URY,2001,16.101044
Uruguay,URY,2002,15.725895
Uruguay,URY,2003,15.925493
Uruguay,URY,2004,15.562443
Uruguay,URY,2005,16.295483
Uruguay,URY,2006,16.68038
Uruguay,URY,2007,17.82848
Uruguay,URY,2008,19.192266
Uruguay,URY,2009,20.335516
Uruguay,URY,2010,23.218733
Uruguay,URY,2011,24.969807
Uruguay,URY,2012,25.788666
Uruguay,URY,2013,26.35496
Uruguay,URY,2014,27.157722
Uruguay,URY,2015,27.477356
Uruguay,URY,2016,27.915611
Uruguay,URY,2017,28.295845
Uruguay,URY,2018,28.267454
Uruguay,URY,2019,28.378277
Venezuela,VEN,1990,13.782229
Venezuela,VEN,1991,14.263082
Venezuela,VEN,1992,14.305857
Venezuela,VEN,1993,13.359987
Venezuela,VEN,1994,12.315057
Venezuela,VEN,1995,12.324745
Venezuela,VEN,1996,11.986189
Venezuela,VEN,1997,11.541097
Venezuela,VEN,1998,10.0934515
Venezuela,VEN,1999,10.557389
Venezuela,VEN,2000,12.499258
Venezuela,VEN,2001,11.6547985
Venezuela,VEN,2002,10.873657
Venezuela,VEN,2003,10.620219
Venezuela,VEN,2004,12.628008
Venezuela,VEN,2005,15.701362
Venezuela,VEN,2006,17.796515
Vietnam,VNM,1990,1.248242
Vietnam,VNM,1991,1.3763326
Vietnam,VNM,1992,1.4473767
Vietnam,VNM,1993,1.6003783
Vietnam,VNM,1994,1.6578928
Vietnam,VNM,1995,1.7611171
Vietnam,VNM,1996,1.9628545
Vietnam,VNM,1997,2.0946474
Vietnam,VNM,1998,2.0764184
Vietnam,VNM,1999,2.0388327
Vietnam,VNM,2000,2.1008787
Vietnam,VNM,2001,2.3221524
Vietnam,VNM,2002,2.4716961
Vietnam,VNM,2003,2.5970147
Vietnam,VNM,2004,2.7989905
Vietnam,VNM,2005,3.0270452
Vietnam,VNM,2006,3.0816696
Vietnam,VNM,2007,3.380881
Vietnam,VNM,2008,3.399545
Vietnam,VNM,2009,3.2103312
Vietnam,VNM,2010,3.712698
Vietnam,VNM,2011,3.8844273
Vietnam,VNM,2012,4.0761576
Vietnam,VNM,2013,4.3015313
Vietnam,VNM,2014,4.804195
Vietnam,VNM,2015,4.946606
Vietnam,VNM,2016,5.1569247
Vietnam,VNM,2017,5.652919
Vietnam,VNM,2018,5.982665
Vietnam,VNM,2019,6.739149
